name_id,original_name,exact_name,key,candidate_match_stage,source_name,source_id,source_status,accepted_id,accepted_name,accepted_family,accepted_genus,accepted_rank,taxonomy_signature
1800,Acacia catechu,acacia catechu,acacia catechu,exact,Acacia catechu,wfo-0000186808,synonym,wfo-0001284769,Senegalia catechu,Fabaceae,Senegalia,species,Senegalia catechu||Fabaceae||Senegalia||species
1800,Acacia catechu,acacia catechu,acacia catechu,exact,Acacia catechu,wfo-1200021938,synonym,wfo-0001335075,Senegalia chundra,Fabaceae,Senegalia,species,Senegalia chundra||Fabaceae||Senegalia||species
1800,Acacia catechu,acacia catechu,acacia catechu,exact,Acacia catechu,wfo-1200021937,synonym,wfo-0001427394,Senegalia polyacantha subsp. polyacantha,Fabaceae,Senegalia,subspecies,Senegalia polyacantha subsp. polyacantha||Fabaceae||Senegalia||subspecies
2678,Acacia erioloba,acacia erioloba,acacia erioloba,exact,Acacia erioloba,wfo-1200021951,synonym,wfo-0001336842,Vachellia edgeworthii,Fabaceae,Vachellia,species,Vachellia edgeworthii||Fabaceae||Vachellia||species
2678,Acacia erioloba,acacia erioloba,acacia erioloba,exact,Acacia erioloba,wfo-0000194374,synonym,wfo-0001284774,Vachellia erioloba,Fabaceae,Vachellia,species,Vachellia erioloba||Fabaceae||Vachellia||species
1819,Acacia horrida,acacia horrida,acacia horrida,exact,Acacia horrida,wfo-0000200963,synonym,wfo-0001335076,Senegalia pennata,Fabaceae,Senegalia,species,Senegalia pennata||Fabaceae||Senegalia||species
1819,Acacia horrida,acacia horrida,acacia horrida,exact,Acacia horrida,wfo-0000199823,synonym,wfo-0001336851,Vachellia horrida,Fabaceae,Vachellia,species,Vachellia horrida||Fabaceae||Vachellia||species
1824,Acacia sieberiana,acacia sieberiana,acacia sieberiana,exact,Acacia sieberiana,wfo-0000201189,synonym,wfo-0000201188,Acacia hamiltoniana,Fabaceae,Acacia,species,Acacia hamiltoniana||Fabaceae||Acacia||species
1824,Acacia sieberiana,acacia sieberiana,acacia sieberiana,exact,Acacia sieberiana,wfo-1200022020,synonym,wfo-0000186862,Acacia terminalis,Fabaceae,Acacia,species,Acacia terminalis||Fabaceae||Acacia||species
1824,Acacia sieberiana,acacia sieberiana,acacia sieberiana,exact,Acacia sieberiana,wfo-0000211037,synonym,wfo-0001336883,Vachellia sieberiana,Fabaceae,Vachellia,species,Vachellia sieberiana||Fabaceae||Vachellia||species
3908,Ampelopsis heterophylla,ampelopsis heterophylla,ampelopsis heterophylla,exact,Ampelopsis heterophylla,wfo-0000531692,synonym,wfo-0000531675,Ampelopsis glandulosa var. heterophylla,Vitaceae,Ampelopsis,variety,Ampelopsis glandulosa var. heterophylla||Vitaceae||Ampelopsis||variety
3908,Ampelopsis heterophylla,ampelopsis heterophylla,ampelopsis heterophylla,exact,Ampelopsis heterophylla,wfo-0000531691,synonym,wfo-0001245969,Parthenocissus semicordata var. semicordata,Vitaceae,Parthenocissus,variety,Parthenocissus semicordata var. semicordata||Vitaceae||Parthenocissus||variety
1323,Andrographis ceylanica,andrographis ceylanica,andrographis ceylanica,exact,Andrographis ceylanica,wfo-0000534039,synonym,wfo-0000534057,Andrographis macrobotrys,Acanthaceae,Andrographis,species,Andrographis macrobotrys||Acanthaceae||Andrographis||species
1323,Andrographis ceylanica,andrographis ceylanica,andrographis ceylanica,exact,Andrographis ceylanica,wfo-0000534040,synonym,wfo-0000534085,Andrographis viscosula,Acanthaceae,Andrographis,species,Andrographis viscosula||Acanthaceae||Andrographis||species
1583,Anthemis altissima,anthemis altissima,anthemis altissima,exact,Anthemis altissima,wfo-0000039371,synonym,wfo-0000063579,Anthemis candidissima,Asteraceae,Anthemis,species,Anthemis candidissima||Asteraceae||Anthemis||species
1583,Anthemis altissima,anthemis altissima,anthemis altissima,exact,Anthemis altissima,wfo-0000025026,synonym,wfo-0000086301,Cota altissima,Asteraceae,Cota,species,Cota altissima||Asteraceae||Cota||species
1583,Anthemis altissima,anthemis altissima,anthemis altissima,exact,Anthemis altissima,wfo-0000006082,synonym,wfo-0000077255,Cota coelopoda,Asteraceae,Cota,species,Cota coelopoda||Asteraceae||Cota||species
1583,Anthemis altissima,anthemis altissima,anthemis altissima,exact,Anthemis altissima,wfo-0000065815,synonym,wfo-0000077255,Cota coelopoda,Asteraceae,Cota,species,Cota coelopoda||Asteraceae||Cota||species
3141,Artabotrys odoratissimus,artabotrys odoratissimus,artabotrys odoratissimus,exact,Artabotrys odoratissimus,wfo-0000549824,synonym,wfo-0000549733,Artabotrys blumei,Annonaceae,Artabotrys,species,Artabotrys blumei||Annonaceae||Artabotrys||species
3141,Artabotrys odoratissimus,artabotrys odoratissimus,artabotrys odoratissimus,exact,Artabotrys odoratissimus,wfo-0000549823,synonym,wfo-0000549776,Artabotrys hexapetalus,Annonaceae,Artabotrys,species,Artabotrys hexapetalus||Annonaceae||Artabotrys||species
3141,Artabotrys odoratissimus,artabotrys odoratissimus,artabotrys odoratissimus,exact,Artabotrys odoratissimus,wfo-0001065638,synonym,wfo-0000549776,Artabotrys hexapetalus,Annonaceae,Artabotrys,species,Artabotrys hexapetalus||Annonaceae||Artabotrys||species
266,Astragalus adsurgens,astragalus adsurgens,astragalus adsurgens,exact,Astragalus adsurgens,wfo-1200022108,synonym,wfo-0000179551,Astragalus iodanthus var. iodanthus,Fabaceae,Astragalus,variety,Astragalus iodanthus var. iodanthus||Fabaceae||Astragalus||variety
266,Astragalus adsurgens,astragalus adsurgens,astragalus adsurgens,exact,Astragalus adsurgens,wfo-0000169616,synonym,wfo-0001444737,Astragalus laxmannii subsp. laxmannii,Fabaceae,Astragalus,subspecies,Astragalus laxmannii subsp. laxmannii||Fabaceae||Astragalus||subspecies
266,Astragalus adsurgens,astragalus adsurgens,astragalus adsurgens,exact,Astragalus adsurgens,wfo-1200022107,synonym,wfo-0001444980,Astragalus varius subsp. varius,Fabaceae,Astragalus,subspecies,Astragalus varius subsp. varius||Fabaceae||Astragalus||subspecies
2297,Astragalus clusii,astragalus clusii,astragalus clusii,exact,Astragalus clusii,wfo-0000213549,synonym,wfo-0000553349,Astragalus clusianus,Fabaceae,Astragalus,species,Astragalus clusianus||Fabaceae||Astragalus||species
2297,Astragalus clusii,astragalus clusii,astragalus clusii,exact,Astragalus clusii,wfo-0000191776,synonym,wfo-0000212503,Astragalus glaux,Fabaceae,Astragalus,species,Astragalus glaux||Fabaceae||Astragalus||species
2297,Astragalus clusii,astragalus clusii,astragalus clusii,exact,Astragalus clusii,wfo-0001443538,synonym,wfo-0000191796,Astragalus hypoglottis subsp. hypoglottis,Fabaceae,Astragalus,subspecies,Astragalus hypoglottis subsp. hypoglottis||Fabaceae||Astragalus||subspecies
3962,Baccharis pingraea,baccharis pingraea,baccharis pingraea,exact,Baccharis pingraea,wfo-0000133122,synonym,wfo-0000000226,Baccharis glutinosa,Asteraceae,Baccharis,species,Baccharis glutinosa||Asteraceae||Baccharis||species
3962,Baccharis pingraea,baccharis pingraea,baccharis pingraea,exact,Baccharis pingraea,wfo-0000009032,synonym,wfo-0000094649,Gymnosperma glutinosum,Asteraceae,Gymnosperma,species,Gymnosperma glutinosum||Asteraceae||Gymnosperma||species
3179,Bauhinia retusa,bauhinia retusa,bauhinia retusa,exact,Bauhinia retusa,wfo-0000180127,synonym,wfo-0000183531,Bauhinia divaricata,Fabaceae,Bauhinia,species,Bauhinia divaricata||Fabaceae||Bauhinia||species
3179,Bauhinia retusa,bauhinia retusa,bauhinia retusa,exact,Bauhinia retusa,wfo-0000203509,synonym,wfo-1000003003,Phanera roxburghiana,Fabaceae,Phanera,species,Phanera roxburghiana||Fabaceae||Phanera||species
3179,Bauhinia retusa,bauhinia retusa,bauhinia retusa,exact,Bauhinia retusa,wfo-1200011024,synonym,wfo-1000003003,Phanera roxburghiana,Fabaceae,Phanera,species,Phanera roxburghiana||Fabaceae||Phanera||species
1673,Brassica alba,brassica alba,brassica alba,exact,Brassica alba,wfo-0000570853,synonym,wfo-0000571350,Brassica oleracea,Brassicaceae,Brassica,species,Brassica oleracea||Brassicaceae||Brassica||species
1673,Brassica alba,brassica alba,brassica alba,exact,Brassica alba,wfo-0000570854,synonym,wfo-0001216509,Sinapis alba subsp. alba,Brassicaceae,Sinapis,subspecies,Sinapis alba subsp. alba||Brassicaceae||Sinapis||subspecies
2719,Caesalpinia mimosoides,caesalpinia mimosoides,caesalpinia mimosoides,exact,Caesalpinia mimosoides,wfo-0000196945,synonym,wfo-0001346732,Hultholia mimosoides,Fabaceae,Hultholia,species,Hultholia mimosoides||Fabaceae||Hultholia||species
2719,Caesalpinia mimosoides,caesalpinia mimosoides,caesalpinia mimosoides,exact,Caesalpinia mimosoides,wfo-1200022417,synonym,wfo-0000186810,Moullava spicata,Fabaceae,Moullava,species,Moullava spicata||Fabaceae||Moullava||species
281,Cinnamomum cassia,cinnamomum cassia,cinnamomum cassia,exact,Cinnamomum cassia,wfo-0000604976,synonym,wfo-0000604944,Cinnamomum burmanni,Lauraceae,Cinnamomum,species,Cinnamomum burmanni||Lauraceae||Cinnamomum||species
281,Cinnamomum cassia,cinnamomum cassia,cinnamomum cassia,exact,Cinnamomum cassia,wfo-0000604975,synonym,wfo-0001248993,Neolitsea cassia,Lauraceae,Neolitsea,species,Neolitsea cassia||Lauraceae||Neolitsea||species
720,Cissus sicyoides,cissus sicyoides,cissus sicyoides,exact,Cissus sicyoides,wfo-0000606851,synonym,wfo-0000606224,Cissus discolor,Vitaceae,Cissus,species,Cissus discolor||Vitaceae||Cissus||species
720,Cissus sicyoides,cissus sicyoides,cissus sicyoides,exact,Cissus sicyoides,wfo-0000606850,synonym,wfo-0001240939,Cissus verticillata subsp. verticillata,Vitaceae,Cissus,subspecies,Cissus verticillata subsp. verticillata||Vitaceae||Cissus||subspecies
3267,Cordia obliqua,cordia obliqua,cordia obliqua,exact,Cordia obliqua,wfo-0000620789,synonym,wfo-0000620417,Cordia dichotoma,Cordiaceae,Cordia,species,Cordia dichotoma||Cordiaceae||Cordia||species
3267,Cordia obliqua,cordia obliqua,cordia obliqua,exact,Cordia obliqua,wfo-0000620791,synonym,wfo-0000620712,Cordia magnoliifolia,Cordiaceae,Cordia,species,Cordia magnoliifolia||Cordiaceae||Cordia||species
3267,Cordia obliqua,cordia obliqua,cordia obliqua,exact,Cordia obliqua,wfo-0000620790,synonym,wfo-0001216026,Varronia peruviana,Cordiaceae,Varronia,species,Varronia peruviana||Cordiaceae||Varronia||species
1463,Crataegus oxyacantha,crataegus oxyacantha,crataegus oxyacantha,exact,Crataegus oxyacantha,wfo-0000983920,synonym,wfo-0001009174,Crataegus laevigata,Rosaceae,Crataegus,species,Crataegus laevigata||Rosaceae||Crataegus||species
1463,Crataegus oxyacantha,crataegus oxyacantha,crataegus oxyacantha,exact,Crataegus oxyacantha,wfo-0000990194,synonym,wfo-0001010488,Crataegus marshallii,Rosaceae,Crataegus,species,Crataegus marshallii||Rosaceae||Crataegus||species
1463,Crataegus oxyacantha,crataegus oxyacantha,crataegus oxyacantha,exact,Crataegus oxyacantha,wfo-0000985328,synonym,wfo-0000987339,Crataegus rhipidophylla var. rhipidophylla,Rosaceae,Crataegus,variety,Crataegus rhipidophylla var. rhipidophylla||Rosaceae||Crataegus||variety
2398,Cytisus eriocarpus,cytisus eriocarpus,cytisus eriocarpus,exact,Cytisus eriocarpus,wfo-0000214543,synonym,wfo-0000213652,Chamaecytisus eriocarpus,Fabaceae,Chamaecytisus,species,Chamaecytisus eriocarpus||Fabaceae||Chamaecytisus||species
2398,Cytisus eriocarpus,cytisus eriocarpus,cytisus eriocarpus,exact,Cytisus eriocarpus,wfo-1200023062,synonym,wfo-0001445562,Cytisus striatus subsp. striatus,Fabaceae,Cytisus,subspecies,Cytisus striatus subsp. striatus||Fabaceae||Cytisus||subspecies
1149,Cytisus hirsutus,cytisus hirsutus,cytisus hirsutus,exact,Cytisus hirsutus,wfo-0000185468,synonym,wfo-0000213656,Chamaecytisus hirsutus,Fabaceae,Chamaecytisus,species,Chamaecytisus hirsutus||Fabaceae||Chamaecytisus||species
1149,Cytisus hirsutus,cytisus hirsutus,cytisus hirsutus,exact,Cytisus hirsutus,wfo-1200022598,synonym,wfo-0001445143,Chamaecytisus triflorus subsp. triflorus,Fabaceae,Chamaecytisus,subspecies,Chamaecytisus triflorus subsp. triflorus||Fabaceae||Chamaecytisus||subspecies
358,Derris floribunda,derris floribunda,derris floribunda,exact,Derris floribunda,wfo-1200022653,synonym,wfo-0000185943,Aganope heptaphylla,Fabaceae,Aganope,species,Aganope heptaphylla||Fabaceae||Aganope||species
358,Derris floribunda,derris floribunda,derris floribunda,exact,Derris floribunda,wfo-0001034351,synonym,wfo-0001340818,Deguelia nitidula,Fabaceae,Deguelia,species,Deguelia nitidula||Fabaceae||Deguelia||species
358,Derris floribunda,derris floribunda,derris floribunda,exact,Derris floribunda,wfo-0000206796,synonym,wfo-0000198908,Derris trifoliata,Fabaceae,Derris,species,Derris trifoliata||Fabaceae||Derris||species
358,Derris floribunda,derris floribunda,derris floribunda,exact,Derris floribunda,wfo-1200022652,synonym,wfo-0000198908,Derris trifoliata,Fabaceae,Derris,species,Derris trifoliata||Fabaceae||Derris||species
757,Derris latifolia,derris latifolia,derris latifolia,exact,Derris latifolia,wfo-0000200291,synonym,wfo-0000186313,Aganope thyrsiflora,Fabaceae,Aganope,species,Aganope thyrsiflora||Fabaceae||Aganope||species
757,Derris latifolia,derris latifolia,derris latifolia,exact,Derris latifolia,wfo-0000170221,synonym,wfo-0000210427,Lonchocarpus heptaphyllus,Fabaceae,Lonchocarpus,species,Lonchocarpus heptaphyllus||Fabaceae||Lonchocarpus||species
1123,Derris oblonga,derris oblonga,derris oblonga,exact,Derris oblonga,wfo-0000197437,synonym,wfo-0000185931,Derris canarensis,Fabaceae,Derris,species,Derris canarensis||Fabaceae||Derris||species
1123,Derris oblonga,derris oblonga,derris oblonga,exact,Derris oblonga,wfo-1200022656,synonym,wfo-0000185928,Derris cuneifolia,Fabaceae,Derris,species,Derris cuneifolia||Fabaceae||Derris||species
3720,Desmodium triflorum,desmodium triflorum,desmodium triflorum,exact,Desmodium triflorum,wfo-1200022684,synonym,wfo-0001423655,Grona heterophylla,Fabaceae,Grona,species,Grona heterophylla||Fabaceae||Grona||species
3720,Desmodium triflorum,desmodium triflorum,desmodium triflorum,exact,Desmodium triflorum,wfo-0000177482,synonym,wfo-0001423675,Grona triflora,Fabaceae,Grona,species,Grona triflora||Fabaceae||Grona||species
1975,Eria angustifolia,eria angustifolia,eria angustifolia,exact,Eria angustifolia,wfo-0000952775,synonym,wfo-0001424929,Mycaranthes angustifolia,Orchidaceae,Mycaranthes,species,Mycaranthes angustifolia||Orchidaceae||Mycaranthes||species
1975,Eria angustifolia,eria angustifolia,eria angustifolia,exact,Eria angustifolia,wfo-1000054332,synonym,wfo-0000918453,Pinalia angustifolia,Orchidaceae,Pinalia,species,Pinalia angustifolia||Orchidaceae||Pinalia||species
3603,Eugenia glomerata,eugenia glomerata,eugenia glomerata,exact,Eugenia glomerata,wfo-0000957437,synonym,wfo-0001424476,Eugenia subglomerata,Myrtaceae,Eugenia,species,Eugenia subglomerata||Myrtaceae||Eugenia||species
3603,Eugenia glomerata,eugenia glomerata,eugenia glomerata,exact,Eugenia glomerata,wfo-0000957436,synonym,wfo-1200008288,Myrcia chytraculia var. zuzygium,Myrtaceae,Myrcia,variety,Myrcia chytraculia var. zuzygium||Myrtaceae||Myrcia||variety
3603,Eugenia glomerata,eugenia glomerata,eugenia glomerata,exact,Eugenia glomerata,wfo-0000957435,synonym,wfo-0000318695,Syzygium glomeratum,Myrtaceae,Syzygium,species,Syzygium glomeratum||Myrtaceae||Syzygium||species
3603,Eugenia glomerata,eugenia glomerata,eugenia glomerata,exact,Eugenia glomerata,wfo-0000957440,synonym,wfo-0000318697,Syzygium glomeruliferum,Myrtaceae,Syzygium,species,Syzygium glomeruliferum||Myrtaceae||Syzygium||species
3603,Eugenia glomerata,eugenia glomerata,eugenia glomerata,exact,Eugenia glomerata,wfo-0000957438,synonym,wfo-0000319646,Syzygium warburgii,Myrtaceae,Syzygium,species,Syzygium warburgii||Myrtaceae||Syzygium||species
3603,Eugenia glomerata,eugenia glomerata,eugenia glomerata,exact,Eugenia glomerata,wfo-0000957439,synonym,wfo-0000319646,Syzygium warburgii,Myrtaceae,Syzygium,species,Syzygium warburgii||Myrtaceae||Syzygium||species
55,Flemingia macrophylla ex,flemingia macrophylla ex,flemingia macrophylla,canonical,Flemingia macrophylla,wfo-1200022755,synonym,wfo-0000691302,Flemingia javanica,Fabaceae,Flemingia,species,Flemingia javanica||Fabaceae||Flemingia||species
55,Flemingia macrophylla ex,flemingia macrophylla ex,flemingia macrophylla,canonical,Flemingia macrophylla,wfo-0000194840,accepted,wfo-0000194840,Flemingia macrophylla,Fabaceae,Flemingia,species,Flemingia macrophylla||Fabaceae||Flemingia||species
55,Flemingia macrophylla ex,flemingia macrophylla ex,flemingia macrophylla,canonical,Flemingia macrophylla,wfo-0000195021,synonym,wfo-0000194834,Flemingia prostrata,Fabaceae,Flemingia,species,Flemingia prostrata||Fabaceae||Flemingia||species
2557,Garcinia cornea,garcinia cornea,garcinia cornea,exact,Garcinia cornea,wfo-0000694243,synonym,wfo-0000694214,Garcinia celebica,Clusiaceae,Garcinia,species,Garcinia celebica||Clusiaceae||Garcinia||species
2557,Garcinia cornea,garcinia cornea,garcinia cornea,exact,Garcinia cornea,wfo-0000694244,synonym,wfo-1000040941,Garcinia cowa,Clusiaceae,Garcinia,species,Garcinia cowa||Clusiaceae||Garcinia||species
3942,Hyacinthoides non-scripta ex,hyacinthoides non-scripta ex,hyacinthoides,canonical,Hyacinthoides,wfo-4000018462,accepted,wfo-4000018462,Hyacinthoides,Asparagaceae,Hyacinthoides,genus,Hyacinthoides||Asparagaceae||Hyacinthoides||genus
3942,Hyacinthoides non-scripta ex,hyacinthoides non-scripta ex,hyacinthoides,canonical,Hyacinthoides non-scripta subsp. hispanica,wfo-0000664306,synonym,wfo-0000664208,Hyacinthoides hispanica,Asparagaceae,Hyacinthoides,species,Hyacinthoides hispanica||Asparagaceae||Hyacinthoides||species
3942,Hyacinthoides non-scripta ex,hyacinthoides non-scripta ex,hyacinthoides,canonical,Hyacinthoides non-scripta,wfo-0000664295,accepted,wfo-0000664295,Hyacinthoides non-scripta,Asparagaceae,Hyacinthoides,species,Hyacinthoides non-scripta||Asparagaceae||Hyacinthoides||species
3942,Hyacinthoides non-scripta ex,hyacinthoides non-scripta ex,hyacinthoides,canonical,Hyacinthoides non-scripta var. cernua,wfo-0000806019,synonym,wfo-0000664295,Hyacinthoides non-scripta,Asparagaceae,Hyacinthoides,species,Hyacinthoides non-scripta||Asparagaceae||Hyacinthoides||species
3942,Hyacinthoides non-scripta ex,hyacinthoides non-scripta ex,hyacinthoides,canonical,Hyacinthoides non-scripta,wfo-0001073306,synonym,wfo-0000664295,Hyacinthoides non-scripta,Asparagaceae,Hyacinthoides,species,Hyacinthoides non-scripta||Asparagaceae||Hyacinthoides||species
2692,Inula macrophylla,inula macrophylla,inula macrophylla,exact,Inula macrophylla,wfo-0000043775,synonym,wfo-0000126359,Inula grandis,Asteraceae,Inula,species,Inula grandis||Asteraceae||Inula||species
2692,Inula macrophylla,inula macrophylla,inula macrophylla,exact,Inula macrophylla,wfo-0000132923,synonym,wfo-0000068893,Inula paniculata,Asteraceae,Inula,species,Inula paniculata||Asteraceae||Inula||species
3776,Isolepis humillima,isolepis humillima,isolepis humillima,exact,Isolepis humillima,wfo-0000449158,synonym,wfo-0000342220,Bulbostylis humilis,Cyperaceae,Bulbostylis,species,Bulbostylis humilis||Cyperaceae||Bulbostylis||species
3776,Isolepis humillima,isolepis humillima,isolepis humillima,exact,Isolepis humillima,wfo-0000449165,synonym,wfo-0001427379,Schoenoplectiella humillima,Cyperaceae,Schoenoplectiella,species,Schoenoplectiella humillima||Cyperaceae||Schoenoplectiella||species
2267,Justicia paniculata,justicia paniculata,justicia paniculata,exact,Justicia paniculata,wfo-0000353399,synonym,wfo-0000534069,Andrographis paniculata,Acanthaceae,Andrographis,species,Andrographis paniculata||Acanthaceae||Andrographis||species
2267,Justicia paniculata,justicia paniculata,justicia paniculata,exact,Justicia paniculata,wfo-0000353405,synonym,wfo-1000051269,Hypoestes forskaolii,Acanthaceae,Hypoestes,species,Hypoestes forskaolii||Acanthaceae||Hypoestes||species
2267,Justicia paniculata,justicia paniculata,justicia paniculata,exact,Justicia paniculata,wfo-0001240264,synonym,wfo-0000354046,Justicia salviiflora,Acanthaceae,Justicia,species,Justicia salviiflora||Acanthaceae||Justicia||species
1429,Lotus uliginosus,lotus uliginosus,lotus uliginosus,exact,Lotus uliginosus,wfo-1000035133,synonym,wfo-0000214146,Lotus corniculatus subsp. corniculatus,Fabaceae,Lotus,subspecies,Lotus corniculatus subsp. corniculatus||Fabaceae||Lotus||subspecies
1429,Lotus uliginosus,lotus uliginosus,lotus uliginosus,exact,Lotus uliginosus,wfo-0000212232,synonym,wfo-0001425600,Lotus pedunculatus subsp. pedunculatus,Fabaceae,Lotus,subspecies,Lotus pedunculatus subsp. pedunculatus||Fabaceae||Lotus||subspecies
2851,Lupinus micranthus,lupinus micranthus,lupinus micranthus,exact,Lupinus micranthus,wfo-0000172174,synonym,wfo-0000168077,Lupinus bicolor,Fabaceae,Lupinus,species,Lupinus bicolor||Fabaceae||Lupinus||species
2851,Lupinus micranthus,lupinus micranthus,lupinus micranthus,exact,Lupinus micranthus,wfo-0000213495,synonym,wfo-0000363797,Lupinus gussoneanus,Fabaceae,Lupinus,species,Lupinus gussoneanus||Fabaceae||Lupinus||species
3847,Medicago glomerata,medicago glomerata,medicago glomerata,exact,Medicago glomerata,wfo-1200009362,synonym,wfo-0000185583,Medicago brachycarpa,Fabaceae,Medicago,species,Medicago brachycarpa||Fabaceae||Medicago||species
3847,Medicago glomerata,medicago glomerata,medicago glomerata,exact,Medicago glomerata,wfo-0000213429,synonym,wfo-0000186621,Medicago sativa subsp. glomerata,Fabaceae,Medicago,subspecies,Medicago sativa subsp. glomerata||Fabaceae||Medicago||subspecies
1105,Millettia leucantha,millettia leucantha,millettia leucantha,exact,Millettia leucantha,wfo-0000186164,synonym,wfo-1000002933,Imbralyx leucanthus,Fabaceae,Imbralyx,species,Imbralyx leucanthus||Fabaceae||Imbralyx||species
1105,Millettia leucantha,millettia leucantha,millettia leucantha,exact,Millettia leucantha,wfo-1200009357,synonym,wfo-0000374059,Millettia vatkei,Fabaceae,Millettia,species,Millettia vatkei||Fabaceae||Millettia||species
1122,Millettia speciosa,millettia speciosa,millettia speciosa,exact,Millettia speciosa,wfo-1200009360,synonym,wfo-0000183559,Lonchocarpus sericeus,Fabaceae,Lonchocarpus,species,Lonchocarpus sericeus||Fabaceae||Lonchocarpus||species
1122,Millettia speciosa,millettia speciosa,millettia speciosa,exact,Millettia speciosa,wfo-0000197373,synonym,wfo-0001444004,Nanhaia speciosa,Fabaceae,Nanhaia,species,Nanhaia speciosa||Fabaceae||Nanhaia||species
1777,Mimosa glaucescens,mimosa glaucescens,mimosa glaucescens,exact,Mimosa glaucescens,wfo-0000174531,synonym,wfo-0000190121,Acacia binervia,Fabaceae,Acacia,species,Acacia binervia||Fabaceae||Acacia||species
1777,Mimosa glaucescens,mimosa glaucescens,mimosa glaucescens,exact,Mimosa glaucescens,wfo-0001055447,synonym,wfo-0001062351,Mimosa debilis var. debilis,Fabaceae,Mimosa,variety,Mimosa debilis var. debilis||Fabaceae||Mimosa||variety
800,Mimosa tenuifolia,mimosa tenuifolia,mimosa tenuifolia,exact,Mimosa tenuifolia,wfo-1000002618,synonym,wfo-0001337072,Senegalia intsia,Fabaceae,Senegalia,species,Senegalia intsia||Fabaceae||Senegalia||species
800,Mimosa tenuifolia,mimosa tenuifolia,mimosa tenuifolia,exact,Mimosa tenuifolia,wfo-1000002672,synonym,wfo-0001050772,Senegalia rugata,Fabaceae,Senegalia,species,Senegalia rugata||Fabaceae||Senegalia||species
800,Mimosa tenuifolia,mimosa tenuifolia,mimosa tenuifolia,exact,Mimosa tenuifolia,wfo-0000182735,synonym,wfo-0000182730,Senegalia tenuifolia,Fabaceae,Senegalia,species,Senegalia tenuifolia||Fabaceae||Senegalia||species
627,Murraya exotica,murraya exotica,murraya exotica,exact,Murraya exotica,wfo-1000080438,synonym,wfo-0000704558,Glycosmis pentaphylla,Rutaceae,Glycosmis,species,Glycosmis pentaphylla||Rutaceae||Glycosmis||species
627,Murraya exotica,murraya exotica,murraya exotica,exact,Murraya exotica,wfo-0000453291,synonym,wfo-0000453279,Murraya paniculata,Rutaceae,Murraya,species,Murraya paniculata||Rutaceae||Murraya||species
1780,Parkia biglobosa ex,parkia biglobosa ex,parkia biglobosa,canonical,Parkia biglobosa,wfo-0000179230,accepted,wfo-0000179230,Parkia biglobosa,Fabaceae,Parkia,species,Parkia biglobosa||Fabaceae||Parkia||species
1780,Parkia biglobosa ex,parkia biglobosa ex,parkia biglobosa,canonical,Parkia biglobosa,wfo-1200021821,synonym,wfo-0000178891,Parkia timoriana,Fabaceae,Parkia,species,Parkia timoriana||Fabaceae||Parkia||species
1341,Persicaria salicifolia,persicaria salicifolia,persicaria salicifolia,exact,Persicaria salicifolia,wfo-0000488278,synonym,wfo-0000488020,Persicaria decipiens,Polygonaceae,Persicaria,species,Persicaria decipiens||Polygonaceae||Persicaria||species
1341,Persicaria salicifolia,persicaria salicifolia,persicaria salicifolia,exact,Persicaria salicifolia,wfo-0000488299,synonym,wfo-0000488462,Persicaria maculosa,Polygonaceae,Persicaria,species,Persicaria maculosa||Polygonaceae||Persicaria||species
1421,Pinus excelsa,pinus excelsa,pinus excelsa,exact,Pinus excelsa,wfo-0000481434,synonym,wfo-0000482030,Picea abies,Pinaceae,Picea,species,Picea abies||Pinaceae||Picea||species
1421,Pinus excelsa,pinus excelsa,pinus excelsa,exact,Pinus excelsa,wfo-0000481454,synonym,wfo-0000481612,Pinus wallichiana,Pinaceae,Pinus,species,Pinus wallichiana||Pinaceae||Pinus||species
3229,Pinus montana,pinus montana,pinus montana,exact,Pinus montana,wfo-0000481747,synonym,wfo-0000482273,Pinus cembra,Pinaceae,Pinus,species,Pinus cembra||Pinaceae||Pinus||species
3229,Pinus montana,pinus montana,pinus montana,exact,Pinus montana,wfo-0000736388,synonym,wfo-0000482273,Pinus cembra,Pinaceae,Pinus,species,Pinus cembra||Pinaceae||Pinus||species
3229,Pinus montana,pinus montana,pinus montana,exact,Pinus montana,wfo-0000481753,synonym,wfo-0000481789,Pinus mugo,Pinaceae,Pinus,species,Pinus mugo||Pinaceae||Pinus||species
3229,Pinus montana,pinus montana,pinus montana,exact,Pinus montana,wfo-0000481748,synonym,wfo-0001091635,Pinus sylvestris var. sylvestris,Pinaceae,Pinus,variety,Pinus sylvestris var. sylvestris||Pinaceae||Pinus||variety
1342,Polygonum salicifolium,polygonum salicifolium,polygonum salicifolium,exact,Polygonum salicifolium,wfo-0000489012,synonym,wfo-0000488056,Persicaria amphibia,Polygonaceae,Persicaria,species,Persicaria amphibia||Polygonaceae||Persicaria||species
1342,Polygonum salicifolium,polygonum salicifolium,polygonum salicifolium,exact,Polygonum salicifolium,wfo-0000489011,synonym,wfo-0000488020,Persicaria decipiens,Polygonaceae,Persicaria,species,Persicaria decipiens||Polygonaceae||Persicaria||species
1097,Potentilla viscosa,potentilla viscosa,potentilla viscosa,exact,Potentilla viscosa,wfo-0000983806,synonym,wfo-0001004432,Potentilla dentata,Rosaceae,Potentilla,species,Potentilla dentata||Rosaceae||Potentilla||species
1097,Potentilla viscosa,potentilla viscosa,potentilla viscosa,exact,Potentilla viscosa,wfo-0001013323,synonym,wfo-0001004967,Potentilla grammopetala,Rosaceae,Potentilla,species,Potentilla grammopetala||Rosaceae||Potentilla||species
1097,Potentilla viscosa,potentilla viscosa,potentilla viscosa,exact,Potentilla viscosa,wfo-0001006577,synonym,wfo-0001016002,Potentilla longifolia,Rosaceae,Potentilla,species,Potentilla longifolia||Rosaceae||Potentilla||species
1097,Potentilla viscosa,potentilla viscosa,potentilla viscosa,exact,Potentilla viscosa,wfo-1200075230,synonym,wfo-0001016002,Potentilla longifolia,Rosaceae,Potentilla,species,Potentilla longifolia||Rosaceae||Potentilla||species
1810,Prunus dulcis,prunus dulcis,prunus dulcis,exact,Prunus dulcis,wfo-0001005398,synonym,wfo-0001015846,Prunus amygdalus,Rosaceae,Prunus,species,Prunus amygdalus||Rosaceae||Prunus||species
1810,Prunus dulcis,prunus dulcis,prunus dulcis,exact,Prunus dulcis,wfo-1200023992,synonym,wfo-0001006607,Prunus avium,Rosaceae,Prunus,species,Prunus avium||Rosaceae||Prunus||species
2453,Rhus undulata,rhus undulata,rhus undulata,exact,Rhus undulata,wfo-1000080368,synonym,wfo-0000434846,Searsia quartiniana,Anacardiaceae,Searsia,species,Searsia quartiniana||Anacardiaceae||Searsia||species
2453,Rhus undulata,rhus undulata,rhus undulata,exact,Rhus undulata,wfo-0000403067,synonym,wfo-0000434853,Searsia undulata,Anacardiaceae,Searsia,species,Searsia undulata||Anacardiaceae||Searsia||species
3638,Rubus laciniatus,rubus laciniatus,rubus laciniatus,exact,Rubus laciniatus,wfo-0000984132,synonym,wfo-0001012948,Rubus nemoralis,Rosaceae,Rubus,species,Rubus nemoralis||Rosaceae||Rubus||species
3638,Rubus laciniatus,rubus laciniatus,rubus laciniatus,exact,Rubus laciniatus,wfo-1000060367,synonym,wfo-0000985000,Rubus ulmifolius,Rosaceae,Rubus,species,Rubus ulmifolius||Rosaceae||Rubus||species
1932,Sedum rupestre,sedum rupestre,sedum rupestre,exact,Sedum rupestre,wfo-0000441437,synonym,wfo-0000396537,Petrosedum rupestre,Crassulaceae,Petrosedum,species,Petrosedum rupestre||Crassulaceae||Petrosedum||species
1932,Sedum rupestre,sedum rupestre,sedum rupestre,exact,Sedum rupestre,wfo-0000441436,synonym,wfo-0000438109,Sedum annuum,Crassulaceae,Sedum,species,Sedum annuum||Crassulaceae||Sedum||species
1104,Sophora mollis ex,sophora mollis ex,sophora mollis,canonical,Sophora mollis,wfo-0000185553,accepted,wfo-0000185553,Sophora mollis,Fabaceae,Sophora,species,Sophora mollis||Fabaceae||Sophora||species
1104,Sophora mollis ex,sophora mollis ex,sophora mollis,canonical,Sophora mollis,wfo-0000207331,synonym,wfo-0001448821,Sophora velutina subsp. velutina,Fabaceae,Sophora,subspecies,Sophora velutina subsp. velutina||Fabaceae||Sophora||subspecies
89,Tephrosia apollinea,tephrosia apollinea,tephrosia apollinea,exact,Tephrosia apollinea,wfo-0000201651,synonym,wfo-0001366468,Tephrosia purpurea subsp. apollinea,Fabaceae,Tephrosia,subspecies,Tephrosia purpurea subsp. apollinea||Fabaceae||Tephrosia||subspecies
89,Tephrosia apollinea,tephrosia apollinea,tephrosia apollinea,exact,Tephrosia apollinea,wfo-1200021708,synonym,wfo-0001061581,Tephrosia uniflora subsp. uniflora,Fabaceae,Tephrosia,subspecies,Tephrosia uniflora subsp. uniflora||Fabaceae||Tephrosia||subspecies
1608,Tephrosia procumbens,tephrosia procumbens,tephrosia procumbens,exact,Tephrosia procumbens,wfo-0001055149,synonym,wfo-0000164219,Tephrosia cinerea,Fabaceae,Tephrosia,species,Tephrosia cinerea||Fabaceae||Tephrosia||species
1608,Tephrosia procumbens,tephrosia procumbens,tephrosia procumbens,exact,Tephrosia procumbens,wfo-0000200372,synonym,wfo-0000203766,Tephrosia pumila,Fabaceae,Tephrosia,species,Tephrosia pumila||Fabaceae||Tephrosia||species
1608,Tephrosia procumbens,tephrosia procumbens,tephrosia procumbens,exact,Tephrosia procumbens,wfo-0000205399,synonym,wfo-0000203766,Tephrosia pumila,Fabaceae,Tephrosia,species,Tephrosia pumila||Fabaceae||Tephrosia||species
3546,Tephrosia woodii,tephrosia woodii,tephrosia woodii,exact,Tephrosia woodii,wfo-0000203339,synonym,wfo-0001421339,Tephrosia capensis var. angustifolia,Fabaceae,Tephrosia,variety,Tephrosia capensis var. angustifolia||Fabaceae||Tephrosia||variety
3546,Tephrosia woodii,tephrosia woodii,tephrosia woodii,exact,Tephrosia woodii,wfo-1200021705,synonym,wfo-0001273986,Tephrosia carrollii,Fabaceae,Tephrosia,species,Tephrosia carrollii||Fabaceae||Tephrosia||species
2462,Terminalia alata,terminalia alata,terminalia alata,exact,Terminalia alata,wfo-0000406788,synonym,wfo-0000408759,Terminalia elliptica,Combretaceae,Terminalia,species,Terminalia elliptica||Combretaceae||Terminalia||species
2462,Terminalia alata,terminalia alata,terminalia alata,exact,Terminalia alata,wfo-0000406786,synonym,wfo-0000408820,Terminalia paniculata,Combretaceae,Terminalia,species,Terminalia paniculata||Combretaceae||Terminalia||species
3902,Teucrium tomentosum,teucrium tomentosum,teucrium tomentosum,exact,Teucrium tomentosum,wfo-0000322690,synonym,wfo-0000322139,Teucrium fruticans,Lamiaceae,Teucrium,species,Teucrium fruticans||Lamiaceae||Teucrium||species
3902,Teucrium tomentosum,teucrium tomentosum,teucrium tomentosum,exact,Teucrium tomentosum,wfo-0000322692,synonym,wfo-0001346987,Teucrium heynei,Lamiaceae,Teucrium,species,Teucrium heynei||Lamiaceae||Teucrium||species
3902,Teucrium tomentosum,teucrium tomentosum,teucrium tomentosum,exact,Teucrium tomentosum,wfo-0000322689,synonym,wfo-0000322488,Teucrium polium subsp. polium,Lamiaceae,Teucrium,subspecies,Teucrium polium subsp. polium||Lamiaceae||Teucrium||subspecies
3902,Teucrium tomentosum,teucrium tomentosum,teucrium tomentosum,exact,Teucrium tomentosum,wfo-0000322691,synonym,wfo-0000322735,Teucrium wightii,Lamiaceae,Teucrium,species,Teucrium wightii||Lamiaceae||Teucrium||species
1117,Thermopsis fabacea,thermopsis fabacea,thermopsis fabacea,exact,Thermopsis fabacea,wfo-0000195337,synonym,wfo-0000194920,Thermopsis californica var. californica,Fabaceae,Thermopsis,variety,Thermopsis californica var. californica||Fabaceae||Thermopsis||variety
1117,Thermopsis fabacea,thermopsis fabacea,thermopsis fabacea,exact,Thermopsis fabacea,wfo-0000192428,synonym,wfo-0000213939,Thermopsis lanceolata,Fabaceae,Thermopsis,species,Thermopsis lanceolata||Fabaceae||Thermopsis||species
