original_name,exact_name,key,match_rule,resolution_status,n_candidate_rows,n_candidate_accepted_ids,n_candidate_taxonomies,n_occurrence_rows,n_compounds,n_compounds_exclusive_to_unresolved,n_families_original,n_genera_original,n_references,original_families,original_genera
Senegalia caffra,senegalia caffra,senegalia caffra,unresolved,no_match,0,0,0,48,46,39,1,1,8,Fabaceae,Senegalia
Cinnamomum cassia,cinnamomum cassia,cinnamomum cassia,exact_conflict,exact_synonym_conflict,2,2,2,148,54,15,1,1,7,Lauraceae,Cinnamomum
Halothamnus somalensis,halothamnus somalensis,halothamnus somalensis,unresolved,no_match,0,0,0,12,12,12,1,1,2,Amaranthaceae,Halothamnus
Mallotus philippinensis,mallotus philippinensis,mallotus philippinensis,unresolved,no_match,0,0,0,14,13,11,1,1,4,Euphorbiaceae,Mallotus
Helichrysum forskahlii,helichrysum forskahlii,helichrysum forskahlii,unresolved,no_match,0,0,0,24,24,10,1,1,2,Asteraceae,Helichrysum
Derris oblonga,derris oblonga,derris oblonga,exact_conflict,exact_synonym_conflict,2,2,2,50,32,9,1,1,5,Fabaceae,Derris
Parartocarpus venenosa,parartocarpus venenosa,parartocarpus venenosa,unresolved,no_match,0,0,0,13,13,8,1,1,2,Moraceae,Parartocarpus
Wyethia glabra,wyethia glabra,wyethia glabra,unresolved,no_match,0,0,0,63,21,7,1,1,1,Asteraceae,Wyethia
Laburnum anagyroides,laburnum anagyroides,laburnum anagyroides,unresolved,no_match,0,0,0,42,14,6,1,1,1,Fabaceae,Laburnum
Millettia leucantha,millettia leucantha,millettia leucantha,exact_conflict,exact_synonym_conflict,2,2,2,18,18,6,1,1,3,Fabaceae,Millettia
Oreopteris quelpaertensis,oreopteris quelpaertensis,oreopteris quelpaertensis,unresolved,no_match,0,0,0,12,6,6,1,1,1,Thelypteridaceae,Oreopteris
Thelypteris quelpaertensis,thelypteris quelpaertensis,thelypteris quelpaertensis,unresolved,no_match,0,0,0,6,6,6,1,1,1,Thelypteridaceae,Thelypteris
Pachyrrhizus erosus,pachyrrhizus erosus,pachyrrhizus erosus,unresolved,no_match,0,0,0,20,16,5,1,1,3,Fabaceae,Pachyrrhizus
Dorstenia poinsettifolia,dorstenia poinsettifolia,dorstenia poinsettifolia,unresolved,no_match,0,0,0,9,8,5,1,1,2,Moraceae,Dorstenia
Umtiza listerana,umtiza listerana,umtiza listerana,unresolved,no_match,0,0,0,11,11,4,1,1,1,Fabaceae,Umtiza
Tephrosia apollinea,tephrosia apollinea,tephrosia apollinea,exact_conflict,exact_synonym_conflict,2,2,2,8,4,4,1,1,1,Fabaceae,Tephrosia
Dunbaria longiracemosa,dunbaria longiracemosa,dunbaria longiracemosa,unresolved,no_match,0,0,0,6,6,4,1,1,1,Fabaceae,Dunbaria
Andrographis ceylanica,andrographis ceylanica,andrographis ceylanica,exact_conflict,exact_synonym_conflict,2,2,2,4,4,4,1,1,1,Acanthaceae,Andrographis
Cinnamomum burmannii,cinnamomum burmannii,cinnamomum burmannii,unresolved,no_match,0,0,0,46,23,3,1,1,1,Lauraceae,Cinnamomum
Neocheiropteris fortunei,neocheiropteris fortunei,neocheiropteris fortunei,unresolved,no_match,0,0,0,14,14,3,1,1,4,Polypodiaceae,Neocheiropteris
Erythrina bidwillii,erythrina bidwillii,erythrina bidwillii,unresolved,no_match,0,0,0,24,19,2,1,1,8,Fabaceae,Erythrina
Engelhardtia roxburghiana,engelhardtia roxburghiana,engelhardtia roxburghiana,unresolved,no_match,0,0,0,14,10,2,1,1,5,Juglandaceae,Engelhardia
Maytenus guianensis,maytenus guianensis,maytenus guianensis,unresolved,no_match,0,0,0,5,5,2,1,1,1,Celastraceae,Maytenus
Dendroviguiera sylvatica,dendroviguiera sylvatica,dendroviguiera sylvatica,unresolved,no_match,0,0,0,2,2,2,1,1,1,Asteraceae,Dendroviguiera
Krameria ixina,krameria ixina,krameria ixina,unresolved,no_match,0,0,0,2,2,2,1,1,1,Krameriaceae,Krameria
NA,NA,NA,unresolved,no_match,0,0,0,38,17,1,8,1,15,Asteraceae;Cannabaceae;Fabaceae;Moraceae;Polygonaceae;Rosaceae;Rutaceae;Vitaceae,NA
Docyniopsis doumeri,docyniopsis doumeri,docyniopsis doumeri,unresolved,no_match,0,0,0,8,6,1,1,1,2,Rosaceae,Docyniopsis
Ailanthus integrifolia,ailanthus integrifolia,ailanthus integrifolia,unresolved,no_match,0,0,0,7,7,1,1,1,1,Simaroubaceae,Ailanthus
Nymphaea marliacea,nymphaea marliacea,nymphaea marliacea,unresolved,no_match,0,0,0,6,1,1,1,1,2,Nymphaeaceae,Nymphaea
Schinus terebinthifolius,schinus terebinthifolius,schinus terebinthifolius,unresolved,no_match,0,0,0,6,3,1,1,1,2,Anacardiaceae,Schinus
Cordia obliqua,cordia obliqua,cordia obliqua,exact_conflict,exact_synonym_conflict,3,3,3,3,1,1,3,1,1,Boraginaceae;Cordiaceae;Ehretiaceae,Cordia
Rubus laciniatus,rubus laciniatus,rubus laciniatus,exact_conflict,exact_synonym_conflict,2,2,2,3,1,1,1,1,1,Rosaceae,Rubus
Acacia scleroxyla,acacia scleroxyla,acacia scleroxyla,unresolved,no_match,0,0,0,2,2,1,1,1,1,Fabaceae,Acacia
Clerodendrum phlomoides,clerodendrum phlomoides,clerodendrum phlomoides,unresolved,no_match,0,0,0,2,2,1,1,1,2,Lamiaceae,Clerodendrum
Mimosa tenuifolia,mimosa tenuifolia,mimosa tenuifolia,exact_conflict,exact_synonym_conflict,3,3,3,2,2,1,1,1,1,Fabaceae,Mimosa
Smilax lanceaefolia,smilax lanceaefolia,smilax lanceaefolia,unresolved,no_match,0,0,0,2,2,1,1,1,1,Smilacaceae,Smilax
Inula macrophylla,inula macrophylla,inula macrophylla,exact_conflict,exact_synonym_conflict,2,2,2,1,1,1,1,1,1,Asteraceae,Inula
Polygala dalmaisiana,polygala dalmaisiana,polygala dalmaisiana,unresolved,no_match,0,0,0,1,1,1,1,1,1,Polygalaceae,Polygala
Trichogonia salviaefolia,trichogonia salviaefolia,trichogonia salviaefolia,unresolved,no_match,0,0,0,1,1,1,1,1,1,Asteraceae,Trichogonia
