bemis_murcko_scaffold_smiles,n_families
C(=CC1c2ccccc2OC2c3ccccc3OC(c3ccccc3)C12)c1ccccc1,2
C(=Cc1ccc2c(c1)OC(c1ccccc1)=C1C2=CC2CC1c1ccccc1O2)c1ccccc1,1
C(=Cc1ccc2c(c1)OCC(c1ccccc1)O2)C=NCCc1ccccc1,1
C(=Cc1ccccc1)C=C1C=CC2OC=CC2=C1,1
C(=Cc1ccccc1)C=NC1C=NCC=NC=Cc2ccc(cc2)OC1c1ccccc1,1
C(=Cc1ccccc1)C=NC=Cc1ccccc1,1
C(=Cc1ccccc1)C=NCCc1c(C2CC(c3ccccc3)Oc3ccccc32)[nH]c2ccccc12,1
C(=Cc1ccccc1)CCCc1ccccc1,1
C(=Cc1ccccc1)Cc1cc2c(cc1OC1CCCCO1)OC(c1ccccc1)CC2,1
C(=Cc1ccccc1)N=Cc1ccccc1,1
C(=NCCc1ccccc1)c1ccccc1,2
C(=Nc1ccccc1)c1ccccc1,1
C1=C(OC2CCCCO2)C(c2ccccc2)Oc2ccccc21,1
C1=C(c2ccc(-c3cc4ccccc4o3)cc2)CC2CC1Oc1ccccc12,1
C1=C(c2ccccc2)COc2ccccc21,1
C1=C(c2ccccc2)Oc2c(ccc3c2CCCO3)C1,1
C1=C(c2ccccc2)Oc2ccccc2C1,4
C1=C2C(=C(c3ccccc3)Oc3cc(-c4cc5ccccc5o4)ccc32)C2CC1Oc1ccccc12,1
C1=C2c3cc4c(cc3OC2c2ccc(OC3CCCCO3)cc2O1)OCO4,1
C1=C2c3cc4c(cc3OC2c2ccccc2O1)OCO4,1
C1=C2c3ccccc3OC2c2ccccc2O1,1
C1=CC(c2ccccc2)Oc2ccccc21,1
C1=CC2=C(C=CC3C2OC2c4ccccc4OCC23)OC1,1
C1=CC2=CC(OC3CCCC(COC4CCCCO4)O3)=C(c3ccccc3)OC2C=C1,1
C1=CC2OC3(c4ccccc4)CC(c4c(ccc5c4OC(c4ccccc4)CC5c4cccc5c4OC(c4ccccc4)CC5)O3)C2C=C1,1
C1=CC2OC3c4ccccc4OCC3C2C=C1,1
C1=CC2c3ccc(-c4cc5ccccc5o4)cc3OC3(c4ccccc4)Oc4ccccc4C(C1)C23,2
C1=COc2cc3c(cc2C1)OCC(c1ccccc1)O3,1
C1=Cc2c(ccc3c2C2COc4ccccc4C2O3)OC1,1
C1=Cc2c(ccc3c2C2Oc4cc5c(cc4C2CO3)OCO5)OC1,1
C1=Cc2c(ccc3c2OC(c2ccccc2)CC3)OC1,3
C1=Cc2c(ccc3c2OC2c4cc5c(cc4OCC32)OCCC5)OC1,1
C1=Cc2c(ccc3c2OC2c4ccccc4OCC32)OC1,1
C1=Cc2c(ccc3c2OCC(c2ccc4c(c2)OCO4)C3)OC1,2
C1=Cc2c(ccc3c2OCC(c2cccc4c2OCC=C4)C3)OC1,1
C1=Cc2c(ccc3c2OCC(c2ccccc2)C3)OC1,2
C1=Cc2c(ccc3c2OCC2c4cc5c(cc4OC32)OCO5)OC1,2
C1=Cc2c(ccc3c2OCC2c4ccc5c(c4OC32)CCCO5)OC1,1
C1=Cc2c(ccc3c2OCC2c4ccccc4OC32)OC1,1
C1=Cc2c(ccc3c4c(oc23)-c2ccccc2OC4)OC1,1
C1=Cc2c(ccc3cc(-c4ccccc4)oc23)OC1,1
C1=Cc2c(ccc3cc(-c4ccccc4)oc23)OCC1,1
C1=Cc2c(cccc2-c2cc3ccccc3o2)OC1,1
C1=Cc2cc(-c3cc4cc5c(cc4o3)OCO5)c3c(c2OC1)C=CCO3,1
C1=Cc2cc(-c3cc4ccccc4o3)ccc2OC1,1
C1=Cc2cc(C3=Cc4ccccc4OC3)ccc2OC1,1
C1=Cc2cc(C3COc4c(ccc5c4C=CCO5)C3)ccc2OC1,1
C1=Cc2cc(C3COc4ccccc4C3)ccc2OC1,2
C1=Cc2cc3c(cc2OC1)OC(c1ccccc1)CC3,1
C1=Cc2cc3c(cc2OC1)OC1c2ccccc2OCC31,2
C1=Cc2cc3c(cc2OC1)OCC(c1cccc2c1OCC=C2)C3,1
C1=Cc2cc3c(cc2OC1)OCC(c1ccccc1)=C3,1
C1=Cc2cc3c(cc2OC1)OCC(c1ccccc1)C3,1
C1=Cc2cc3c(cc2OC1)OCC1c2c(ccc4c2C=CCO4)OC31,1
C1=Cc2cc3c(cc2OC1)OCC1c2cc4c(cc2OC31)OCO4,1
C1=Cc2cc3c(cc2OC1)OCC1c2ccc4c(c2OC31)C=CCO4,1
C1=Cc2cc3c(cc2OC1)OCC1c2ccccc2OC31,1
C1=Cc2cc3c4c(oc3cc2OC1)-c1ccccc1OC4,1
C1=Cc2cc3cc(-c4ccccc4)oc3cc2OC1,2
C1=Cc2cc3oc4c(c3cc2OC1)COc1ccccc1-4,1
C1=Cc2ccc(-c3cc4ccccc4o3)cc2OC1,1
C1=Cc2ccc3c(c2OC1)C1Oc2cc4c(cc2C1CO3)OCO4,1
C1=Cc2ccc3c(c2OC1)C1Oc2ccccc2C1CO3,1
C1=Cc2ccc3c(c2OC1)OC1c2ccccc2OCC31,1
C1=Cc2cccc(-c3cc4ccccc4o3)c2OC1,1
C1=Cc2cccc(C3=Cc4ccccc4OC3)c2OC1,1
C1=Cc2cccc(C3COc4cc5c(cc4C3)CCCO5)c2OC1,1
C1=Cc2cccc(C3COc4ccccc4C3)c2OC1,1
C1=Cc2ccccc2OC(Oc2ccc3c(c2)OC(c2ccccc2)CC3)(c2ccccc2)O1,1
C1=NC(c2cccc3c2OC(c2ccccc2)C(OC2CCCCO2)C3)CC1,1
C=C(COC1CCCC(COC2CCCCO2)O1)C1Cc2c(ccc3c(=O)c4c(oc23)COc2ccccc2-4)O1,1
C=C(COC1CCCC(COC2CCCCO2)O1)C1Cc2c(ccc3c2OC2COc4ccccc4C2C3=O)O1,1
C=C(COC1CCCCO1)C1Cc2c(ccc3c2OC2COc4ccccc4C2C3)O1,1
C=C(COC1CCCCO1)C1Cc2c(ccc3c2OC2COc4ccccc4C2C3=O)O1,1
C=C(COC1OCCCC1OC1CCCO1)C1Cc2c(ccc3c2OC2COc4ccccc4C2C3=O)O1,1
C=C(OC(=O)c1ccccc1)c1ccccc1,1
C=C(c1ccc2c(c1)C1COc3ccccc3C1O2)c1c(-c2ccccc2)oc2ccccc12,1
C=C1Oc2ccccc2-c2c1oc1c3c(ccc1c2=O)OCC3,1
O=C(C(=O)c1ccc2c(c1)C=CCO2)c1ccccc1,1
O=C(C(=O)c1ccc2c(c1)OCO2)c1ccc2c(c1)CCO2,1
O=C(C(=O)c1ccc2c(c1)OCO2)c1ccc2c(c1)OCO2,1
O=C(C(=O)c1ccc2c(c1)OCO2)c1ccccc1,4
O=C(C(=O)c1cccc(C2CCCCO2)c1)c1cccc(C2CCCCO2)c1,1
O=C(C(=O)c1cccc2c1OC(c1ccccc1)CC2)c1ccccc1,1
O=C(C(=O)c1ccccc1)c1ccccc1,3
O=C(C1=CC2c3c(c4ccccc4oc3=O)OC2C=C1)c1c(-c2ccccc2)oc2ccccc12,1
O=C(C1=Cc2ccccc2CO1)c1ccccc1,1
O=C(C1=Cc2ccccc2OC12C=C(c1ccccc1)Oc1ccccc12)c1ccccc1,1
O=C(C=C(Oc1ccc(C(=O)c2c(-c3ccccc3)oc3cc4oc(-c5ccccc5)cc(=O)c4cc23)cc1)c1ccccc1)c1ccc(Oc2cccc3c(=O)cc(-c4ccccc4)oc23)cc1,1
O=C(C=CC(=O)c1ccccc1)c1ccccc1,1
O=C(C=CC1C=CC=CC1)c1ccccc1,3
O=C(C=CCCCCCCc1ccc2c(c1)OCO2)c1ccc2c(c1)OCO2,1
O=C(C=CCCc1ccccc1)c1ccccc1,1
O=C(C=Cc1ccc(OC2CCCC(COC(=O)C=Cc3cccc(OC4CCCCO4)c3)O2)cc1)OCC1CCCC(OC2=Cc3c(OC4CCCCO4)cccc3OC2c2ccccc2)O1,1
O=C(C=Cc1ccc(OC2CCCCO2)cc1)c1ccccc1,6
O=C(C=Cc1ccc(OC2OCCCC2OC2CCCO2)cc1)c1ccc(OC2CCCCO2)cc1,1
O=C(C=Cc1ccc(OC2OCCCC2OC2CCCO2)cc1)c1ccccc1,2
O=C(C=Cc1ccc(OCCc2ccccc2)cc1)OCC1CC(OC(=O)C=Cc2ccccc2)CC(Oc2c(-c3ccccc3)oc3ccccc3c2=O)O1,1
O=C(C=Cc1ccc(Oc2cccc(C(=O)C=Cc3ccccc3)c2)cc1)c1ccccc1,1
O=C(C=Cc1ccc(Oc2cccc(C=CC(=O)c3ccccc3)c2)cc1)c1ccccc1,1
O=C(C=Cc1ccc2c(c1)C(C(=O)c1ccccc1)C(c1ccccc1)O2)c1ccccc1,1
O=C(C=Cc1ccc2c(c1)C(Cc1ccccc1)C(c1ccccc1)O2)c1ccccc1,1
O=C(C=Cc1ccc2c(c1)C=CCO2)c1ccc2c(c1)C=CCO2,1
O=C(C=Cc1ccc2c(c1)C=CCO2)c1ccc2c(c1)CCCO2,1
O=C(C=Cc1ccc2c(c1)C=CCO2)c1ccc2c(c1)CCO2,1
O=C(C=Cc1ccc2c(c1)C=CCO2)c1ccc2c(c1)OCO2,1
O=C(C=Cc1ccc2c(c1)C=CCO2)c1ccccc1,3
O=C(C=Cc1ccc2c(c1)CCCO2)c1ccc2c(c1)CCCO2,2
O=C(C=Cc1ccc2c(c1)CCCO2)c1ccc2c(c1)CCO2,1
O=C(C=Cc1ccc2c(c1)CCCO2)c1ccccc1,1
O=C(C=Cc1ccc2c(c1)CCO2)c1ccccc1,1
O=C(C=Cc1ccc2c(c1)OCO2)c1ccc2c(c1)C=CCO2,1
O=C(C=Cc1ccc2c(c1)OCO2)c1ccc2c(c1)OCO2,1
O=C(C=Cc1ccc2c(c1)OCO2)c1ccc2occc2c1,1
O=C(C=Cc1ccc2c(c1)OCO2)c1ccccc1,2
O=C(C=Cc1ccc2oc(-c3ccccc3)cc2c1)c1ccccc1,1
O=C(C=Cc1cccc(-c2cccc(C(=O)C=Cc3ccccc3)c2)c1)c1ccccc1,1
O=C(C=Cc1cccc(C2=Cc3ccccc3OC2c2ccccc2)c1)c1ccccc1,1
O=C(C=Cc1cccc(C2C(=O)c3ccc(OC4CCCCO4)cc3OC2c2ccccc2)c1)c1ccccc1,1
O=C(C=Cc1cccc(C2C(=O)c3ccccc3OC2c2ccccc2)c1)c1ccccc1,1
O=C(C=Cc1cccc(C2C(c3ccccc3)Oc3ccccc3C2c2cccc(C3OC(c4ccccc4)C(C(=O)c4ccccc4)C3Cc3ccccc3)c2)c1)c1ccccc1,1
O=C(C=Cc1cccc(C2C=CCC(c3ccccc3)C2C(=O)c2ccccc2)c1)c1ccccc1,1
O=C(C=Cc1cccc(CC2CCCCO2)c1)c1ccccc1,1
O=C(C=Cc1cccc(Cc2ccccc2)c1)c1ccccc1,1
O=C(C=Cc1cccc(OC2CCCCO2)c1)c1ccc(OC2CCCCO2)cc1,1
O=C(C=Cc1cccc(OC2CCCCO2)c1)c1ccccc1,1
O=C(C=Cc1ccccc1)C1=CC(C2CCCCO2)=CC(C2CCCCO2)C1=O,1
O=C(C=Cc1ccccc1)C1=CC(C2CCCCO2)C(C=C2CCCN2)=CC1=O,1
O=C(C=Cc1ccccc1)C1=CC(C2CCCCO2)C2=C(C1=O)C(C1=CC(C3CCCCO3)C(=O)C(=CC=Cc3ccccc3)C1=O)CO2,1
O=C(C=Cc1ccccc1)C1=CC(C2CCCCO2)C=C(C2CCCCO2)C1=O,1
O=C(C=Cc1ccccc1)C1=CC(C2CCCCO2)C=C(C2COC3=C2C(=O)C(C(=O)C=Cc2ccccc2)=CC3C2CCCCO2)C1=O,1
O=C(C=Cc1ccccc1)C1=CC(C2CCCCO2)C=C(C=C2C(=O)C(C(=O)C=Cc3ccccc3)=CC(C3CCCCO3)C2=O)C1=O,1
O=C(C=Cc1ccccc1)C1=CC(C2CCCCO2)C=C(CC2=CC(C3CCCCO3)C=C(C(=O)C=Cc3ccccc3)C2=O)C1=O,1
O=C(C=Cc1ccccc1)C1=CC2=C(OCC2C2=CC(=CC=Cc3ccccc3)C(=O)C(C3CCCCO3)C2=O)C(C2CCCCO2)C1=O,1
O=C(C=Cc1ccccc1)C1=CC2=C(OCC2C2=CC(C3CCCCO3)C(=O)C(=CC=Cc3ccccc3)C2=O)C(C2CCCCO2)C1=O,1
O=C(C=Cc1ccccc1)C1=CC2C=CCOC2C=C1,1
O=C(C=Cc1ccccc1)C1=CC2CCCOC2C=C1,1
O=C(C=Cc1ccccc1)C1=CC=CC1,1
O=C(C=Cc1ccccc1)C1=CC=CCC1=O,2
O=C(C=Cc1ccccc1)C1=Cc2cc(C3CCCO3)[nH]c2C(C2CCCCO2)C1=O,1
O=C(C=Cc1ccccc1)C1C=CC=CC1,1
O=C(C=Cc1ccccc1)OC1C(=O)c2ccccc2OC1c1ccccc1,1
O=C(C=Cc1ccccc1)OC1CC(COC2CCCCO2)OC(Oc2ccc3c(c2)OC(c2ccccc2)CC3=O)C1,1
O=C(C=Cc1ccccc1)OC1CCC(OCC2CCCC(Oc3cc4c(=O)cccc-4oc3-c3ccccc3)O2)OC1,1
O=C(C=Cc1ccccc1)OC1CCC(Oc2cc3c(=O)cccc-3oc2-c2ccccc2)OC1COC1CCCCO1,1
O=C(C=Cc1ccccc1)OC1CCCOC1OC1Cc2cccc(C3c4ccccc4OC(c4ccccc4)C3OC3CCCCO3)c2OC1c1ccccc1,1
O=C(C=Cc1ccccc1)OC1CCCOC1OC1Cc2ccccc2OC1c1ccccc1,1
O=C(C=Cc1ccccc1)OC1CCCOC1Oc1ccc(C(=O)C=Cc2ccccc2)cc1,2
O=C(C=Cc1ccccc1)OC1CCCOC1Oc1ccc2c(=O)c(-c3ccc4c(c3)OCO4)coc2c1,1
O=C(C=Cc1ccccc1)OC1CCCOC1Oc1ccc2c(c1)OC(c1ccccc1)CC2=O,2
O=C(C=Cc1ccccc1)OC1CCCOC1Oc1ccccc1C1CC(=O)c2ccccc2O1,1
O=C(C=Cc1ccccc1)OC1CCOC(OC2C(=O)c3ccccc3OC2c2ccccc2)C1,1
O=C(C=Cc1ccccc1)OC1CCOC(OC2Cc3ccccc3OC2c2ccccc2)C1,1
O=C(C=Cc1ccccc1)OC1CCOC(OCC(=O)c2ccccc2OCc2ccccc2)C1OC(=O)C=Cc1ccccc1,1
O=C(C=Cc1ccccc1)OC1CCOC(Oc2cc3c(=O)cccc-3oc2-c2ccccc2)C1,1
O=C(C=Cc1ccccc1)OC1CCOC(Oc2ccc3c(c2)OC(c2ccccc2)CC3=O)C1,1
O=C(C=Cc1ccccc1)OC1CCOC(Oc2cccc(-c3coc4ccccc4c3=O)c2)C1,1
O=C(C=Cc1ccccc1)OC1COCC1c1cccc2c1OC(c1ccccc1)CC2=O,1
O=C(C=Cc1ccccc1)OC1Cc2ccc3c(c2OC1c1ccccc1)C1CC(c2ccccc2)(Oc2ccccc21)O3,1
O=C(C=Cc1ccccc1)OC1Cc2ccccc2OC1c1ccccc1,2
O=C(C=Cc1ccccc1)OCC1CC(OC(=O)C=Cc2ccccc2)CC(Oc2ccc3c(c2)OC(c2ccccc2)CC3=O)O1,1
O=C(C=Cc1ccccc1)OCC1CC(OC2CCCCO2)CC(OCC2CCCC(Oc3cc4c(=O)cc(OC5CCCC(COC(=O)C=Cc6ccccc6)O5)cc-4oc3-c3cccc(OC4CCCCO4)c3)O2)O1,1
O=C(C=Cc1ccccc1)OCC1CCC(OC(=O)C=Cc2ccccc2)C(OC2Cc3ccccc3OC2c2ccccc2)O1,1
O=C(C=Cc1ccccc1)OCC1CCC(OC(=O)C=Cc2ccccc2)C(Oc2ccc(C(=O)C=Cc3ccccc3)cc2)O1,1
O=C(C=Cc1ccccc1)OCC1CCC(OC(=O)C=Cc2ccccc2)C(Oc2cccc3c2CCC(c2ccccc2)O3)O1,1
O=C(C=Cc1ccccc1)OCC1CCC(OC2CCCCO2)C(Oc2cc3c(=O)cccc-3oc2-c2ccccc2)O1,4
O=C(C=Cc1ccccc1)OCC1CCCC(OC2=C(c3ccccc3)Oc3ccccc3C2)O1,1
O=C(C=Cc1ccccc1)OCC1CCCC(OC2C(=O)c3ccccc3OC2c2ccccc2)O1,1
O=C(C=Cc1ccccc1)OCC1CCCC(OC2CCCOC2c2cccc3c(=O)c(-c4ccccc4)coc23)O1,1
O=C(C=Cc1ccccc1)OCC1CCCC(OC2Cc3cccc(C4c5ccccc5OC(c5ccccc5)C4OC4CCCCO4)c3OC2c2ccccc2)O1,1
O=C(C=Cc1ccccc1)OCC1CCCC(OC2Cc3ccccc3OC2c2ccccc2)O1,1
O=C(C=Cc1ccccc1)OCC1CCCC(OCC2CCC(OC3CCCCO3)C(Oc3cc4c(=O)cccc-4oc3-c3ccccc3)O2)O1,1
O=C(C=Cc1ccccc1)OCC1CCCC(OCC2CCCC(Oc3cc4c(=O)cc(OC5CCCC(COC(=O)C=Cc6ccccc6)O5)cc-4oc3-c3cccc(OC4CCCCO4)c3)O2)O1,1
O=C(C=Cc1ccccc1)OCC1CCCC(OCC2CCCC(Oc3cc4c(=O)cccc-4oc3-c3ccccc3)O2)O1,1
O=C(C=Cc1ccccc1)OCC1CCCC(Oc2cc(OC3CCCC(COC(=O)C=Cc4ccccc4)O3)cc(-c3oc4cc(OC5CCCC(COC(=O)C=Cc6ccccc6)O5)cc(=O)c-4cc3OC3CCCC(COC(=O)C=Cc4ccccc4)O3)c2)O1,1
O=C(C=Cc1ccccc1)OCC1CCCC(Oc2cc(OC3CCCC(COC(=O)C=Cc4ccccc4)O3)cc(-c3oc4cc(OC5CCCC(COC(=O)C=Cc6ccccc6)O5)cc(=O)c-4cc3OC3CCCCO3)c2)O1,1
O=C(C=Cc1ccccc1)OCC1CCCC(Oc2cc(OC3CCCC(COC(=O)C=Cc4ccccc4)O3)cc(-c3oc4cc(OC5CCCCO5)cc(=O)c-4cc3OC3CCCCO3)c2)O1,1
O=C(C=Cc1ccccc1)OCC1CCCC(Oc2cc(OC3CCCC(COC(=O)C=Cc4ccccc4)O3)cc(-c3oc4cccc(=O)c-4cc3OC3CCCCO3)c2)O1,1
O=C(C=Cc1ccccc1)OCC1CCCC(Oc2cc(OC3CCCCO3)cc(-c3oc4cccc(=O)c-4cc3OC3CCCCO3)c2)O1,1
O=C(C=Cc1ccccc1)OCC1CCCC(Oc2cc3c(=O)cccc-3oc2-c2ccccc2)O1,8
O=C(C=Cc1ccccc1)OCC1CCCC(Oc2cc3oc(-c4cccc(OC5CCCCO5)c4)c(OC4CCCC(COC5CCCCO5)O4)cc-3c(=O)c2)O1,1
O=C(C=Cc1ccccc1)OCC1CCCC(Oc2cc3oc(-c4cccc(OC5CCCCO5)c4)c(OC4CCCCO4)cc-3c(=O)c2)O1,1
O=C(C=Cc1ccccc1)OCC1CCCC(Oc2cc3oc(-c4cccc(OC5CCCCO5)c4)c(OC4OCCCC4OC4OCCCC4OC(=O)C=Cc4ccccc4)cc-3c(=O)c2)O1,1
O=C(C=Cc1ccccc1)OCC1CCCC(Oc2cc3oc(-c4ccccc4)c(OC4OCCCC4OC4OCCCC4OC(=O)C=Cc4ccccc4)cc-3c(=O)c2)O1,1
O=C(C=Cc1ccccc1)OCC1CCCC(Oc2ccc(C(=O)C=Cc3ccccc3)cc2)O1,1
O=C(C=Cc1ccccc1)OCC1CCCC(Oc2ccc(C3CC(=O)c4ccccc4O3)cc2)O1,3
O=C(C=Cc1ccccc1)OCC1CCCC(Oc2ccc(C=CC(=O)OCC3CCCC(Oc4cc(OC5CCCC(COC(=O)C=Cc6ccccc6)O5)cc(-c5oc6cc(=O)ccc-6cc5OC5CCCCO5)c4)O3)cc2)O1,1
O=C(C=Cc1ccccc1)OCC1CCCC(Oc2ccc(C=CC(=O)OCC3CCCC(Oc4cc5oc(-c6cccc(OC7CCCC(COC(=O)C=Cc8ccccc8)O7)c6)c(OC6CCCCO6)cc-5c(=O)c4)O3)cc2)O1,1
O=C(C=Cc1ccccc1)OCC1CCCC(Oc2ccc3c(c2)OC(=Cc2ccccc2)C3=O)O1,1
O=C(C=Cc1ccccc1)OCC1CCCC(Oc2ccc3c(c2)OC(c2ccccc2)CC3=O)O1,5
O=C(C=Cc1ccccc1)OCC1CCCC(Oc2cccc(-c3oc4cc(OC5CCCC(COC(=O)C=Cc6ccccc6)O5)cc(=O)c-4cc3OC3CCCC(COC4CCCCO4)O3)c2)O1,1
O=C(C=Cc1ccccc1)OCC1CCCC(Oc2cccc(-c3oc4cc(OC5CCCC(COC(=O)C=Cc6ccccc6)O5)cc(=O)c-4cc3OC3CCCCO3)c2)O1,1
O=C(C=Cc1ccccc1)OCC1CCCC(Oc2cccc(C3CC(=O)c4ccccc4O3)c2)O1,1
O=C(C=Cc1ccccc1)OCC1COC(OC2CCCOC2Oc2ccc(C=CC(=O)c3ccccc3)cc2)C1,1
O=C(C=Cc1ccccc1)OCC1COC(OC2CCCOC2Oc2ccc3c(c2)OC(c2ccccc2)CC3=O)C1,1
O=C(C=Cc1ccccc1)OCC1COC(OCC2CCCC(Oc3ccc4c(=O)c(-c5ccccc5)coc4c3)O2)C1,1
O=C(C=Cc1ccccc1)OCC1COC(Oc2ccc(C3CC(=O)c4ccc(OC5CCCCO5)cc4O3)cc2)C1,1
O=C(C=Cc1ccccc1)OCC=CCc1cccc(C(=O)C=Cc2ccccc2)c1,2
O=C(C=Cc1ccccc1)Oc1ccc2c(c1)OC(c1ccc(OC3OCCCC3OC3CCCO3)cc1)CC2=O,1
O=C(C=Cc1ccccc1)c1cc(Cc2ccccc2)cc2c1OCC=C2,1
O=C(C=Cc1ccccc1)c1cc2c(c3c1OCC=C3)OCC=C2,1
O=C(C=Cc1ccccc1)c1cc2c(c3c1OCCC3)OCC=C2,1
O=C(C=Cc1ccccc1)c1ccc(OC2CCC(OC3CCCO3)CO2)cc1,1
O=C(C=Cc1ccccc1)c1ccc(OC2CCCC(COC3CCCCO3)O2)cc1,2
O=C(C=Cc1ccccc1)c1ccc(OC2CCCC(COC3CCCCO3)O2)cc1OC1CCCCO1,1
O=C(C=Cc1ccccc1)c1ccc(OC2CCCCO2)c(OC2CCCCO2)c1,1
O=C(C=Cc1ccccc1)c1ccc(OC2CCCCO2)cc1,8
O=C(C=Cc1ccccc1)c1ccc(OC2CCCCO2)cc1OC1CCCCO1,2
O=C(C=Cc1ccccc1)c1ccc(OC2OCCCC2OC2CCCO2)cc1,1
O=C(C=Cc1ccccc1)c1ccc(OCc2ccccc2)cc1OCc1ccccc1,1
O=C(C=Cc1ccccc1)c1ccc(Oc2cccc(C(=O)C=Cc3ccccc3)c2)cc1,1
O=C(C=Cc1ccccc1)c1ccc2c(c1)C(CCCCc1ccccc1)CC(c1ccccc1)O2,1
O=C(C=Cc1ccccc1)c1ccc2c(c1)C1C=CCC3c4ccccc4OC(c4cccc5c4OCC=C5)(O2)C13,1
O=C(C=Cc1ccccc1)c1ccc2c(c1)C1CCOC1O2,1
O=C(C=Cc1ccccc1)c1ccc2c(c1)C=CCO2,7
O=C(C=Cc1ccccc1)c1ccc2c(c1)CC=CCO2,1
O=C(C=Cc1ccccc1)c1ccc2c(c1)CCCO2,6
O=C(C=Cc1ccccc1)c1ccc2c(c1)CCO2,4
O=C(C=Cc1ccccc1)c1ccc2c(c1)OC1C=CCCC1=C2,1
O=C(C=Cc1ccccc1)c1ccc2c(c1)OCC=C2,1
O=C(C=Cc1ccccc1)c1ccc2c(c1)OCCC2,1
O=C(C=Cc1ccccc1)c1ccc2c(c1)OCO2,2
O=C(C=Cc1ccccc1)c1ccc2c3c1OC1CCC(CO2)C3C1,1
O=C(C=Cc1ccccc1)c1ccc2c3c1OCC1CCC(CC31)O2,2
O=C(C=Cc1ccccc1)c1ccc2ccoc2c1,1
O=C(C=Cc1ccccc1)c1ccc2occc2c1,2
O=C(C=Cc1ccccc1)c1cccc(-c2cccc(CCC(=O)c3ccccc3)c2)c1,1
O=C(C=Cc1ccccc1)c1cccc(C(C=CCCCCc2ccccc2)c2ccccc2)c1,1
O=C(C=Cc1ccccc1)c1cccc(C(C=Cc2ccccc2)CCCCc2ccccc2)c1,1
O=C(C=Cc1ccccc1)c1cccc(C2C=CCC(c3ccccc3)C2C(=O)c2ccc3c(c2)C=CCO3)c1,1
O=C(C=Cc1ccccc1)c1cccc(C2C=CCC(c3ccccc3)C2C(=O)c2ccccc2)c1,1
O=C(C=Cc1ccccc1)c1cccc(C2C=CCCC2)c1,1
O=C(C=Cc1ccccc1)c1cccc(C2CC(CCc3ccccc3)OC(c3ccccc3)C2)c1,1
O=C(C=Cc1ccccc1)c1cccc(C2CC(CCc3ccccc3)OC(c3ccccc3)C2C(C=CCCCCc2ccccc2)c2ccccc2)c1,1
O=C(C=Cc1ccccc1)c1cccc(C2CC(CCc3ccccc3)OC(c3ccccc3)C2C(C=Cc2ccccc2)CCCCc2ccccc2)c1,1
O=C(C=Cc1ccccc1)c1cccc(C2CC(c3ccccc3)Oc3ccccc32)c1,2
O=C(C=Cc1ccccc1)c1cccc(C=CC(CCCCc2ccccc2)c2ccccc2)c1,1
O=C(C=Cc1ccccc1)c1cccc(Cc2ccccc2)c1,1
O=C(C=Cc1ccccc1)c1cccc(OC2CCCCO2)c1,2
O=C(C=Cc1ccccc1)c1cccc2c1CCCO2,1
O=C(C=Cc1ccccc1)c1cccc2c1OC(c1ccccc1)C1C2CC(CCc2ccccc2)OC1c1ccccc1,1
O=C(C=Cc1ccccc1)c1cccc2c1OC(c1ccccc1)C2C(=O)c1ccccc1,2
O=C(C=Cc1ccccc1)c1cccc2c1OC1C=CCCC21,1
O=C(C=Cc1ccccc1)c1cccc2c1OC1CCCCC21,1
O=C(C=Cc1ccccc1)c1cccc2c1OCC1C3CCOc4c(C(=O)C=Cc5ccccc5)cc(Cc5ccccc5)c(c43)OC21,1
O=C(C=Cc1ccccc1)c1cccc2c1OCC1C3CCOc4c(C(=O)C=Cc5ccccc5)ccc(c43)OC21,1
O=C(C=Cc1ccccc1)c1cccc2c1OCC1Cc3c(ccc4c3OCC3C5CCOc6c(C(=O)C=Cc7ccccc7)cc(Cc7ccccc7)c(c65)OC43)OC21,1
O=C(C=Cc1ccccc1)c1cccc2c1OCC1Cc3ccccc3OC21,1
O=C(C=Cc1ccccc1)c1cccc2c1OCC2,3
O=C(C=Cc1ccccc1)c1cccc2c1OCC=C2,4
O=C(C=Cc1ccccc1)c1cccc2c1OCCC2,4
O=C(C=Cc1ccccc1)c1cccc2c1OCO2,1
O=C(C=Cc1ccccc1)c1ccccc1,55
O=C(C=Cc1ccccc1)c1ccccc1OC1CCC(OC2CCCCO2)CO1,1
O=C(C=Cc1ccccc1)c1ccccc1OC1CCCC(COC2CCCCO2)O1,1
O=C(C=Cc1ccccc1)c1ccccc1OC1CCCCO1,10
O=C(C=Cc1ccccc1)c1coc2c(C(=O)C=Cc3ccccc3)cccc12,1
O=C(CC(=O)c1ccc2c(c1)C=CCO2)c1ccc2c(c1)C=CCO2,1
O=C(CC(=O)c1ccc2c(c1)C=CCO2)c1ccccc1,1
O=C(CC(=O)c1ccc2c(c1)CCO2)c1ccccc1,1
O=C(CC(=O)c1ccc2c(c1)OCO2)c1ccc2c(c1)C=CCO2,1
O=C(CC(=O)c1ccc2c(c1)OCO2)c1ccccc1,2
O=C(CC(=O)c1ccc2occc2c1)c1ccc2c(c1)OCO2,1
O=C(CC(=O)c1ccc2occc2c1)c1ccccc1,2
O=C(CC(=O)c1ccccc1)c1ccccc1,1
O=C(CC1CCc2ccccc21)c1ccccc1,1
O=C(CCC(=O)c1ccccc1)c1ccccc1,2
O=C(CCCCc1ccccc1)OC1Cc2ccccc2OC1c1ccccc1,1
O=C(CCc1ccc(OC2CCCCO2)cc1)c1ccccc1,1
O=C(CCc1ccc(Oc2ccc(CCC(=O)c3ccccc3)cc2)cc1)c1ccccc1,1
O=C(CCc1ccc2c(c1)C(C(=O)c1ccccc1)C(c1ccccc1)O2)c1ccccc1,1
O=C(CCc1ccc2c(c1)CCCO2)c1ccc2c(c1)CCCO2,1
O=C(CCc1ccc2c(c1)OCO2)c1ccc2c(c1)C=CCO2,1
O=C(CCc1ccc2c(c1)OCO2)c1ccc2occc2c1,1
O=C(CCc1ccc2c(c1)OCO2)c1cccc(C(CCCc2ccccc2)c2ccccc2)c1,1
O=C(CCc1ccc2c(c1)OCO2)c1ccccc1,2
O=C(CCc1ccc2oc(-c3ccccc3)c(C(=O)c3ccccc3)c2c1)c1ccccc1,1
O=C(CCc1cccc(-c2ccccc2CCC(=O)c2ccccc2)c1)c1ccccc1,1
O=C(CCc1cccc(C(CCc2ccccc2)c2ccccc2)c1)c1ccccc1,1
O=C(CCc1cccc(Cc2ccccc2)c1)c1ccccc1,1
O=C(CCc1cccc(OC2CCCCO2)c1)c1ccccc1,1
O=C(CCc1cccc2c1C1C=CCCC1CO2)c1ccccc1,1
O=C(CCc1cccc2c1C=CC(C=CC1CO1)O2)c1ccccc1,1
O=C(CCc1cccc2c1C=CCO2)c1ccccc1,1
O=C(CCc1cccc2c1CCCO2)c1ccccc1,1
O=C(CCc1ccccc1)C1=CC2=C(C=CCO2)CC1=O,1
O=C(CCc1ccccc1)c1cc(C2CCCCO2)cc(C2CCCCO2)c1,2
O=C(CCc1ccccc1)c1cc(Cc2ccccc2)c2c(c1)Cc1ccccc1O2,1
O=C(CCc1ccccc1)c1cc(Cc2ccccc2)cc(Cc2cccc(Cc3ccccc3)c2)c1,1
O=C(CCc1ccccc1)c1cc(Cc2ccccc2)cc(Cc2ccccc2)c1,1
O=C(CCc1ccccc1)c1cc(Cc2ccccc2)cc2c(=O)c3ccccc3oc12,1
O=C(CCc1ccccc1)c1cc(Cc2ccccc2)cc2c1Oc1ccccc1C2,1
O=C(CCc1ccccc1)c1cc(OC2CCCCO2)cc(OC2CCCCO2)c1,1
O=C(CCc1ccccc1)c1ccc(OC2CC(OC(=O)c3ccccc3)C(OC(=O)c3ccccc3)CO2)cc1,1
O=C(CCc1ccccc1)c1ccc(OC2CC(OC(=O)c3ccccc3)C3OC(=O)c4ccccc4-c4ccccc4C(=O)OCC3O2)cc1,1
O=C(CCc1ccccc1)c1ccc(OC2CCC(OC(=O)c3ccccc3)C(COC(=O)c3ccccc3)O2)cc1,1
O=C(CCc1ccccc1)c1ccc(OC2CCC3OC(=O)c4ccccc4-c4ccccc4C(=O)OCC3O2)cc1,2
O=C(CCc1ccccc1)c1ccc(OC2CCCC(COC(=O)c3ccccc3)O2)cc1,1
O=C(CCc1ccccc1)c1ccc(OC2CCCC(COC3CCCCO3)O2)cc1,1
O=C(CCc1ccccc1)c1ccc(OC2CCCCO2)cc1,7
O=C(CCc1ccccc1)c1ccc(OC2CCCCO2)cc1OC1CCCCO1,1
O=C(CCc1ccccc1)c1ccc2c(c1)C(CCCc1ccccc1)c1ccccc1O2,1
O=C(CCc1ccccc1)c1ccc2c(c1)C=CCO2,1
O=C(CCc1ccccc1)c1ccc2c(c1)CCCO2,1
O=C(CCc1ccccc1)c1ccc2c(c1)CCO2,1
O=C(CCc1ccccc1)c1ccc2c(c1)OCO2,2
O=C(CCc1ccccc1)c1ccc2occc2c1,1
O=C(CCc1ccccc1)c1cccc(-c2cccc(C(=O)CCc3ccccc3)c2)c1,1
O=C(CCc1ccccc1)c1cccc(C(CCCc2ccccc2)c2ccccc2)c1,1
O=C(CCc1ccccc1)c1cccc(C(c2ccccc2)C2Cc3cc(C(=O)CCc4ccccc4)ccc3O2)c1,1
O=C(CCc1ccccc1)c1cccc(C2C=CCCC2)c1,4
O=C(CCc1ccccc1)c1cccc(C2CCCCO2)c1,2
O=C(CCc1ccccc1)c1cccc(Cc2cccc(C(=O)CCc3ccccc3)c2)c1,2
O=C(CCc1ccccc1)c1cccc(Cc2cccc(Cc3ccccc3)c2)c1,1
O=C(CCc1ccccc1)c1cccc(Cc2cccc3c(=O)cc(-c4ccccc4)oc23)c1,1
O=C(CCc1ccccc1)c1cccc(Cc2ccccc2)c1,4
O=C(CCc1ccccc1)c1cccc(OC2CCCCO2)c1,1
O=C(CCc1ccccc1)c1cccc2c(-c3ccccc3)cc(=O)oc12,1
O=C(CCc1ccccc1)c1cccc2c1OC(c1ccccc1)C(CC=Cc1ccccc1)C2,1
O=C(CCc1ccccc1)c1cccc2c1OC1(C=CCCC1)C2,1
O=C(CCc1ccccc1)c1cccc2c1OC1C=CCCC21,1
O=C(CCc1ccccc1)c1cccc2c1OC1CCCC2C1,1
O=C(CCc1ccccc1)c1cccc2c1OC1CCCCC21,2
O=C(CCc1ccccc1)c1cccc2c1OCC2,1
O=C(CCc1ccccc1)c1cccc2c1OCC2c1ccccc1,2
O=C(CCc1ccccc1)c1cccc2c1OCCC2,1
O=C(CCc1ccccc1)c1cccc2c1oc1ccccc12,1
O=C(CCc1ccccc1)c1cccc2cc(-c3ccccc3)oc12,2
O=C(CCc1ccccc1)c1ccccc1,39
O=C(CCc1ccccc1)c1ccccc1OC1C=CCCC1,1
O=C(CCc1ccccc1)c1ccccc1OC1CC=CCC1,1
O=C(CCc1ccccc1)c1ccccc1OC1CCCC(COC2CCCCO2)O1,1
O=C(CCc1ccccc1)c1ccccc1OC1CCCCO1,18
O=C(CCc1ccccc1)c1ccccc1OC1OCCCC1OC1CCCCO1,1
O=C(CCc1ccccc1)c1ccccc1OC1OCCCC1OC1CCCO1,1
O=C(CCc1ccccc1OC1CCCCO1)c1ccccc1,1
O=C(CN=Cc1ccccc1)c1ccccc1,2
O=C(Cc1ccccc1)C(=O)c1ccccc1,2
O=C(Cc1ccccc1)OCC1CCCC(Oc2cccc(C3CC(=O)c4ccccc4O3)c2)O1,1
O=C(Cc1ccccc1)c1ccccc1,1
O=C(Nc1ccccc1)c1ccccc1N=Cc1cccc(NS(=O)(=O)c2ccccc2)c1,1
O=C(OC(=O)C(Cc1ccccc1)N=Cc1ccccc1)C(Cc1ccccc1)N=Cc1ccccc1,1
O=C(OC1C(=O)c2ccccc2OC1c1ccccc1)c1ccccc1,3
O=C(OC1C(OC(=O)c2ccccc2Oc2ccc3c(c2)C(=O)OC(Cc2ccc4c(c2)CCC(c2ccccc2)O4)C(C2CCOC(=O)c4ccccc4-c4ccccc4C(=O)O2)OC(=O)c2ccccc2-3)COC2COC(=O)c3ccccc3-c3ccccc3C(=O)OC21)c1ccccc1,1
O=C(OC1C(c2ccccc2)Oc2c(cccc2C2c3ccccc3OC(c3ccccc3)C2OC(=O)c2ccccc2)C1c1ccccc1)c1ccccc1,1
O=C(OC1C(c2ccccc2)Oc2ccccc2C1SCc1ccccc1)c1ccccc1,1
O=C(OC1C(c2ccccc2)Oc2ccccc2C1c1cccc2c1OC(c1ccccc1)C(OC(=O)c1ccccc1)C2c1cccc2c1OC(c1ccccc1)CC2)c1ccccc1,1
O=C(OC1C(c2ccccc2)Oc2ccccc2C1c1cccc2c1OC(c1ccccc1)CC2)c1ccccc1,9
O=C(OC1C(c2ccccc2)Oc2ccccc2C1c1ccccc1)c1ccccc1,3
O=C(OC1C2c3ccccc3OC1(c1ccccc1)Oc1ccc3c(c12)OC(c1ccccc1)CC3c1cccc2c1OC(c1ccccc1)CC2)c1ccccc1,1
O=C(OC1CC=CCC1)C1C2CC(c3ccccc3)Oc3cccc(c32)OC1c1ccccc1,1
O=C(OC1CCC(COC2CCCCO2)OC1Oc1cc2c(=O)cccc-2oc1-c1ccccc1)c1ccccc1,3
O=C(OC1CCCCO1)c1cccc2c(=O)c(-c3ccccc3)coc12,1
O=C(OC1CCCOC1Oc1cc2c(=O)cccc-2oc1-c1ccccc1)c1ccccc1,1
O=C(OC1CCCOC1Oc1cccc(-c2ccc3c(=O)cccc-3o2)c1)c1ccccc1,1
O=C(OC1CCCOC1Oc1ccccc1C1CC(=O)c2ccccc2O1)c1ccccc1,1
O=C(OC1CCOC(Oc2cc3c(=O)cccc-3oc2-c2ccccc2)C1OC(=O)c1ccccc1)c1ccccc1,1
O=C(OC1CCOC(Oc2ccccc2C2CC(=O)c3ccccc3O2)C1)c1ccccc1,1
O=C(OC1COC(=O)c2ccccc2-c2ccccc2C(=O)OC1C1OC(=O)c2ccccc2-c2cccc3c2C(=O)OC1C3c1ccc2c(c1)CCC(c1ccccc1)O2)c1ccccc1,3
O=C(OC1COC(=O)c2ccccc2-c2ccccc2C(=O)OC1C1OC(=O)c2ccccc2-c2cccc3c2C(=O)OC1C3c1cccc2c1OC(c1ccccc1)CC2)c1ccccc1,6
O=C(OC1COC(=O)c2ccccc2-c2ccccc2C(=O)OC1C1OC(=O)c2ccccc2-c2ccccc2C(=O)OC1COc1cccc2c1OC(c1ccccc1)CC2)c1ccccc1,1
O=C(OC1COC(=O)c2ccccc2-c2ccccc2C(=O)OC1C1OC(=O)c2ccccc2-c2ccccc2C(=O)OC1Cc1cccc2c1OC(c1ccccc1)CC2)c1ccccc1,1
O=C(OC1Cc2c(OC3CCCCO3)cccc2OC1c1ccccc1)c1ccccc1,1
O=C(OC1Cc2cc(C(c3ccccc3)C(Cc3ccccc3)OC(=O)c3ccccc3)ccc2OC1c1ccccc1)c1ccccc1,1
O=C(OC1Cc2cc(C3CC(c4ccccc4)Oc4ccccc43)ccc2OC1c1ccccc1)c1ccccc1,2
O=C(OC1Cc2cc(C3c4ccccc4OC(c4ccccc4)C3OC(=O)c3ccccc3)ccc2OC1c1ccccc1)c1ccccc1,2
O=C(OC1Cc2cc(Cc3cccc4c3OC(c3ccccc3)C(OC(=O)c3ccccc3)C4)ccc2OC1c1ccccc1)c1ccccc1,1
O=C(OC1Cc2ccc3c(c2OC1c1ccccc1)C1CC(c2ccccc2)(Oc2ccccc21)O3)c1ccccc1,1
O=C(OC1Cc2cccc(C3CC(c4ccccc4)Oc4c(C5CC(c6ccccc6)Oc6cc(OC7CCCCO7)ccc65)cccc43)c2OC1c1ccccc1)c1ccccc1,1
O=C(OC1Cc2cccc(C3CC(c4ccccc4)Oc4c(C5CC(c6ccccc6)Oc6ccccc65)cccc43)c2OC1c1ccccc1)c1ccccc1,1
O=C(OC1Cc2cccc(C3CC(c4ccccc4)Oc4c3cccc4C3c4ccccc4OC(c4ccccc4)C3OC(=O)c3ccccc3)c2OC1c1ccccc1)c1ccccc1,1
O=C(OC1Cc2cccc(C3CC(c4ccccc4)Oc4ccccc43)c2OC1c1ccccc1)c1ccccc1,14
O=C(OC1Cc2cccc(C3c4cccc(C5c6ccccc6OC(c6ccccc6)C5OC(=O)c5ccccc5)c4OC(c4ccccc4)C3OC(=O)c3ccccc3)c2OC1c1ccccc1)c1ccccc1,2
O=C(OC1Cc2cccc(C3c4ccccc4OC(c4ccccc4)C3OC(=O)c3ccccc3)c2OC1c1ccccc1)c1ccccc1,7
O=C(OC1Cc2cccc(C3c4ccccc4OC(c4ccccc4)C3OC3CCCCO3)c2OC1c1ccccc1)c1ccccc1,1
O=C(OC1Cc2ccccc2OC1C1CCC(=O)c2cccc(C3CCc4ccccc4O3)c2C1)c1ccccc1,1
O=C(OC1Cc2ccccc2OC1c1cc(=O)cc2ccccc2c1)c1ccccc1,1
O=C(OC1Cc2ccccc2OC1c1ccc(=O)c2cccc(C3CCc4ccccc4O3)c2c1)c1ccccc1,1
O=C(OC1Cc2ccccc2OC1c1ccc(=O)c2cccc(C3Oc4ccccc4CC3OC(=O)c3ccccc3)c2c1)c1ccccc1,1
O=C(OC1Cc2ccccc2OC1c1cccc2c(=O)ccc(C3CCc4ccccc4O3)cc12)c1ccccc1,3
O=C(OC1Cc2ccccc2OC1c1ccccc1)C1C=CCCC1,1
O=C(OC1Cc2ccccc2OC1c1ccccc1)c1ccc(=O)c2cccc(C3CCc4ccccc4O3)c2c1,1
O=C(OC1Cc2ccccc2OC1c1ccccc1)c1ccccc1,49
O=C(OC1Cc2ccccc2OC1c1ccccc1-c1ccccc1C1Oc2ccccc2CC1OC(=O)c1ccccc1)c1ccccc1,1
O=C(OCC(Cc1ccccc1)N=Cc1ccccc1)C(Cc1ccccc1)N=Cc1ccccc1,5
O=C(OCC1CCCC(OC2C(=O)c3ccccc3OC2c2ccccc2)O1)c1ccccc1,3
O=C(OCC1CCCC(Oc2c(-c3ccccc3)oc3ccccc3c2=O)O1)C1C(C(=O)OCC2CCCC(Oc3c(-c4ccccc4)oc4ccccc4c3=O)O2)C(c2ccccc2)C1c1ccccc1,1
O=C(OCC1CCCC(Oc2ccc3c(=O)c(-c4ccccc4)coc3c2)O1)c1ccccc1,1
O=C(OCC1CCCC(Oc2ccc3c(c2)OC(c2ccccc2)CC3=O)O1)c1ccccc1,4
O=C(OCC1CCCC(Oc2ccc3c(c2)OC(c2ccccc2)CC3c2cccc3c2OC(c2ccccc2)CC3c2cccc3c2OC(c2ccccc2)CC3)O1)c1ccccc1,1
O=C(OCC1CCCC(Oc2ccc3c(c2)OCCC3=O)O1)C1=CCCCC1,1
O=C(OCC1OC(Oc2ccc3c(c2)OC(c2ccccc2)CC3=O)CCC1OC(=O)c1ccccc1)c1ccccc1,1
O=C(Oc1cc(-c2cc3ccccc3o2)cc2c1C1C(=O)C3C=C(c4ccccc4O3)C1O2)c1ccccc1,1
O=C(Oc1cc(-c2cc3ccccc3o2)cc2oc3c(c12)C(=O)C1CC3c2ccccc2O1)c1ccccc1,1
O=C(Oc1cc(C2CC(c3cccc4c3OC(c3ccccc3)CC4)c3cccc(C4CC(c5ccccc5)Oc5ccccc54)c3O2)cc(OC(=O)c2ccccc2)c1OC(=O)c1ccccc1)c1ccccc1,1
O=C(Oc1cc(OC(=O)c2ccccc2)c2c(c1)OC(c1ccccc1)CC2)c1ccccc1,1
O=C(Oc1ccc(-c2cc(=O)c3ccc(OCc4ccccc4)c(C4C(=O)c5ccc(OC(=O)c6ccccc6)cc5OC4c4ccc(OCc5ccccc5)cc4)c3o2)cc1)c1ccccc1,1
O=C(Oc1ccc(C2CCc3c(OC(=O)c4ccccc4)cccc3O2)cc1)c1ccccc1,1
O=C(Oc1ccc(C2CCc3ccc(OC(=O)c4ccccc4)cc3O2)cc1)c1ccccc1,1
O=C(Oc1ccc(C2CCc3ccccc3O2)cc1)c1ccccc1,1
O=C(Oc1ccc(C2Oc3ccccc3CC2OC(=O)c2ccccc2)cc1)c1ccccc1,2
O=C(Oc1ccc2c(c1)C(=O)C(c1ccccc1)CC2)c1ccccc1,1
O=C(Oc1ccc2c(c1)OC(c1ccc(OC(=O)c3ccccc3)c3c(=O)ccc(C4CCc5ccccc5O4)cc13)CC2)c1ccccc1,3
O=C(Oc1ccc2c(c1)OC(c1ccc(OCc3ccccc3)cc1)C(c1c(OCc3ccccc3)ccc3c1OC(c1ccc(OC(=O)c4ccccc4)c(OCc4ccccc4)c1)CC3=O)C2=O)c1ccccc1,1
O=C(Oc1ccc2c(c1)OC(c1ccccc1)CC2)c1ccccc1,3
O=C(Oc1ccc2c(c1)OC(c1ccccc1)CC2=O)c1ccccc1,1
O=C(Oc1ccc2c(c1)OCC1c3cc4c(cc3OC21)OCC=C4)c1ccccc1,1
O=C(Oc1cccc(C2CCc3c(OC(=O)c4ccccc4)cccc3O2)c1)c1ccccc1,1
O=C(Oc1cccc(C2CCc3ccc(OC(=O)c4ccccc4)cc3O2)c1)c1ccccc1,1
O=C(Oc1cccc(C2CCc3ccccc3O2)c1)c1ccccc1,1
O=C(Oc1cccc(C2Oc3ccccc3CC2OC(=O)c2ccccc2)c1)c1ccccc1,2
O=C(Oc1cccc2c1CC(OC(=O)c1ccccc1)C(c1ccccc1)O2)c1ccccc1,1
O=C(Oc1cccc2c1CCC(c1ccccc1)O2)c1ccccc1,1
O=C(Oc1ccccc1)Oc1ccc(C2CCc3ccc(OC(=O)c4ccccc4)cc3O2)cc1,1
O=C(Oc1ccccc1CC(c1cccc2c1OC(c1ccccc1)CC2)c1cccc2c1OC(c1ccccc1)CC2)c1ccccc1,1
O=C(c1ccc2c(c1)C1COc3ccccc3C1O2)c1c(-c2ccc3c(c2)C=CCO3)oc2ccccc12,1
O=C(c1ccc2c(c1)C1COc3ccccc3C1O2)c1c(-c2ccccc2)oc2c3c(ccc12)OCC=C3,1
O=C(c1ccc2c(c1)C1COc3ccccc3C1O2)c1c(-c2ccccc2)oc2ccccc12,1
O=C(c1ccc2c(c1)C=CCO2)C1C(c2ccccc2)=CC2CC1c1ccccc1O2,1
O=C(c1ccc2c(c1)C=CCO2)C1CCOc2ccccc21,1
O=C(c1ccc2c(c1)CCO2)C1CCOc2ccccc21,1
O=C(c1ccc2c(c1)OCO2)c1cc2ccc3occc3c2o1,1
O=C(c1ccc2occc2c1)C1CCOc2ccccc21,1
O=C(c1cccc(C(C=CCCCCc2ccccc2)c2ccccc2)c1)C1C(C=Cc2ccccc2)CC(CCc2ccccc2)OC1c1ccccc1,1
O=C(c1ccccc1)C(C=NCCCCN=Cc1ccccc1)C(C(=O)c1ccccc1)c1ccccc1,1
O=C(c1ccccc1)C(Cc1ccccc1)OC1CCCCO1,3
O=C(c1ccccc1)C(c1coc2ccccc2c1=O)C(c1ccccc1)c1ccccc1,1
O=C(c1ccccc1)C1C(C(=O)c2ccccc2)C(c2ccccc2)C1c1ccccc1,2
O=C(c1ccccc1)C1C(c2ccc(-c3cc4ccccc4o3)cc2)=CC2CC1c1ccccc1O2,1
O=C(c1ccccc1)C1C(c2ccc(-c3cc4ccccc4o3)cc2)C=CCC1c1ccccc1,1
O=C(c1ccccc1)C1C(c2ccc(C=Cc3ccccc3)cc2)C=CCC1c1ccccc1,1
O=C(c1ccccc1)C1C(c2ccc3oc(-c4ccccc4)cc(=O)c3c2)C=CCC1c1ccccc1,1
O=C(c1ccccc1)C1C(c2ccc3oc(-c4ccccc4)cc3c2)C=CCC1c1ccccc1,1
O=C(c1ccccc1)C1C(c2cccc(-c3cc(=O)c4ccccc4o3)c2)C=CCC1c1ccccc1,1
O=C(c1ccccc1)C1C(c2cccc(C=Cc3ccccc3)c2)C=CCC1c1ccccc1,1
O=C(c1ccccc1)C1C(c2cccc3c(=O)cc(-c4ccccc4)oc23)C=CCC1c1ccccc1,1
O=C(c1ccccc1)C1C(c2ccccc2)C=CCC1c1ccccc1,1
O=C(c1ccccc1)C1C(c2ccccc2)OC(c2ccccc2)C1C(=O)c1ccccc1,2
O=C(c1ccccc1)C1C(c2ccccc2)OC(c2ccccc2)C1Cc1ccccc1,1
O=C(c1ccccc1)C1C(c2ccccc2)OC(c2ccccc2)C1Cc1ccccc1-c1ccc2c(c1)CCC(c1ccccc1)O2,1
O=C(c1ccccc1)C1C(c2ccccc2)OC2c3ccccc3OC(c3ccccc3)C21,2
O=C(c1ccccc1)C1CC(c2ccc(-c3cc4ccccc4o3)cc2)C=CC1c1ccccc1,1
O=C(c1ccccc1)C1CC=CCC1c1ccccc1,2
O=C(c1ccccc1)C1CCc2ccccc2C1,1
O=C(c1ccccc1)C1Cc2ccccc2C(c2ccccc2)C1C(=O)c1ccccc1,1
O=C(c1ccccc1)C1c2c(ccc3c2OC(c2ccccc2)CC3)OC1c1ccccc1,1
O=C(c1ccccc1)c1c(-c2ccccc2)oc2c(C(=O)C=Cc3ccccc3)cccc12,2
O=C(c1ccccc1)c1c(-c2ccccc2)oc2c(C(=O)CCc3ccccc3)cccc12,1
O=C(c1ccccc1)c1c(-c2ccccc2)oc2c3c(ccc12)OC(c1ccccc1)CC3=O,1
O=C(c1ccccc1)c1c(-c2ccccc2)oc2ccc3c(c12)OC(c1ccccc1)CC3,1
O=C(c1ccccc1)c1cc2ccc3occc3c2o1,1
O=C(c1ccccc1)c1cc2ccccc2o1,1
O=C(c1ccccc1)c1cccc2c(-c3ccccc3)cc(=O)oc12,1
O=C(c1ccccc1)c1ccccc1,1
O=C(c1ccccc1)c1oc2cc3c(=O)cc(-c4ccccc4)oc3cc2c1-c1ccccc1,1
O=C1C(=C(C(=C2Oc3ccccc3C2=O)c2ccccc2)c2ccccc2)Oc2ccccc21,1
O=C1C(=CC=Cc2ccccc2)C(=O)C(C2CCCCO2)C2=C1CC1(CCCCO1)O2,1
O=C1C(=CC=Cc2ccccc2)C(=O)C(Cc2ccccc2)(C2CCCCO2)C(=O)C1C1CCCCO1,1
O=C1C(=CC=Cc2ccccc2)C=C(C2CCCCO2)C(=O)C1C1CCCCO1,1
O=C1C(=CC=Cc2ccccc2)C=C(CC2=CC(=CC=Cc3ccccc3)C(=O)C(C3CCCCO3)C2=O)C(=O)C1C1CCCCO1,1
O=C1C(=CC=Cc2ccccc2)C=C(Cc2ccccc2)C(=O)C1C1CCCCO1,1
O=C1C(=Cc2ccc3c(c2)OCO3)Oc2c1ccc1occc21,1
O=C1C(=Cc2cccc(OC3CCCCO3)c2)Oc2cc(OC3CCCCO3)ccc21,1
O=C1C(=Cc2cccc(OC3CCCCO3)c2)Oc2ccccc21,1
O=C1C(=Cc2ccccc2)COc2cc(OC3CCCCO3)ccc21,1
O=C1C(=Cc2ccccc2)COc2ccccc21,3
O=C1C(=Cc2ccccc2)Oc2c(OC3CCCCO3)cccc21,1
O=C1C(=Cc2ccccc2)Oc2c1ccc1c2CCO1,1
O=C1C(=Cc2ccccc2)Oc2c1ccc1occc21,1
O=C1C(=Cc2ccccc2)Oc2cc(OC3CCC(OC4CCCCO4)CO3)ccc21,1
O=C1C(=Cc2ccccc2)Oc2cc(OC3CCCCO3)cc(OC3CCCCO3)c21,2
O=C1C(=Cc2ccccc2)Oc2cc(OC3CCCCO3)ccc21,6
O=C1C(=Cc2ccccc2)Oc2ccc3c(c21)OCO3,1
O=C1C(=Cc2ccccc2)Oc2cccc(OC3CCCC(COC4CCCCO4)O3)c21,1
O=C1C(=Cc2ccccc2)Oc2cccc(OC3CCCCO3)c21,4
O=C1C(=Cc2ccccc2)Oc2ccccc21,11
O=C1C(=Cc2ccccc2C2(C(=O)c3ccccc3)Oc3ccccc3C2=O)Oc2ccccc21,1
O=C1C(=Cc2ccccc2C2C(=O)c3ccccc3OC2c2ccccc2)Oc2ccccc21,1
O=C1C(=Cc2ccccc2OC2CCCC(COC3CCCCO3)O2)Oc2ccccc21,1
O=C1C2=C(COc3ccccc32)Cc2c1ccc1c2C=CCO1,1
O=C1C2CC(c3cccc(c3)O2)C23OC2(c2ccccc2)Oc2cc(C=Cc4ccccc4)ccc2C13,1
O=C1C2CC(c3ccccc3O2)C23OC2(c2ccccc2)Oc2cc(-c4cc5ccccc5o4)ccc2C13,1
O=C1C2CC(c3ccccc3O2)C23OC2(c2ccccc2)Oc2cc(C=Cc4ccccc4)ccc2C13,1
O=C1C=C(C(=O)CCc2ccccc2)C(=O)C1,1
O=C1C=C(C2CCc3ccccc3O2)c2cc(C3CCc4ccccc4O3)ccc2C1=O,1
O=C1C=C(C=C2CCCN2)C(C2CCCCO2)C(=O)C1=CC=Cc1ccccc1,1
O=C1C=C2OC(c3ccccc3)C3C(=O)c4ccccc4OC23C2=C1CCC(c1ccccc1)O2,1
O=C1C=C2OC(c3ccccc3)CC=C2C(=O)C1,1
O=C1C=C2OCC3c4cc5c(cc4OC3C2CC1)OCO5,1
O=C1C=C2OCC3c4ccccc4OC3C2CC1,1
O=C1C=C2c3c(ccc4c3OC(c3ccccc3)CC4)OC23CC1OC1Cc2ccccc2OC13,3
O=C1C=CC(=C2Oc3cccc(OC4CCCC(COC(=O)C=Cc5ccccc5)O4)c3C=C2OC2OCCCC2OC2CCCC(COC(=O)C=Cc3cccc(OC4CCCCO4)c3)O2)C=C1,1
O=C1C=CC(=C2Oc3cccc(OC4CCCC(COC(=O)C=Cc5ccccc5)O4)c3C=C2OC2OCCCC2OC2CCCCO2)C=C1,1
O=C1C=CC(=C2Oc3cccc(OC4CCCCO4)c3C=C2OC2CCCC(COC(=O)C=Cc3ccccc3)O2)C=C1,2
O=C1C=CC(=C2Oc3cccc(OC4CCCCO4)c3C=C2OC2OC(COC(=O)C=Cc3ccccc3)CCC2OC2CCCC(COC(=O)C=Cc3cccc(OC4CCCCO4)c3)O2)C=C1,1
O=C1C=CC(=C2Oc3cccc(OC4CCCCO4)c3C=C2OC2OC(COC(=O)C=Cc3ccccc3)CCC2OC2CCCC(COC(=O)C=Cc3ccccc3)O2)C=C1,2
O=C1C=CC(=C2Oc3cccc(OC4CCCCO4)c3C=C2OC2OC(COC(=O)C=Cc3ccccc3)CCC2OC2CCCCO2)C=C1,1
O=C1C=CC(=C2Oc3cccc(OC4CCCCO4)c3C=C2OC2OC(COC(=O)C=Cc3ccccc3)CCC2OC2OCCCC2OC(=O)C=Cc2ccccc2)C=C1,1
O=C1C=CC(=C2Oc3cccc(OC4CCCCO4)c3C=C2OC2OCCCC2OC2CCCC(COC(=O)C=Cc3cccc(OC4CCCCO4)c3)O2)C=C1,1
O=C1C=CC(=C2Oc3cccc(OC4CCCCO4)c3C=C2OC2OCCCC2OC2CCCC(COC(=O)C=Cc3ccccc3)O2)C=C1,1
O=C1C=CC(=C2Oc3cccc(OC4CCCCO4)c3C=C2OC2OCCCC2OC2CCCCO2)C=C1,1
O=C1C=CC(=C2Oc3cccc(OC4CCCOC4)c3C=C2OC2CCCOC2)C=C1,1
O=C1C=CC(=C2Oc3ccccc3C=C2OC2OCCCC2OC2OCCCC2OC(=O)C=Cc2ccccc2)C=C1,1
O=C1C=CC(=CC=Cc2ccc3c(c2)OCO3)O1,1
O=C1C=CC(=CC=Cc2ccccc2)C(=O)C1,1
O=C1C=CC(=CC=Cc2ccccc2)C=C1,1
O=C1C=CC(=CC=Cc2ccccc2)O1,1
O=C1C=CC(=O)C(C(=O)C=Cc2ccccc2)=C1,1
O=C1C=CC(=O)C(C2COc3ccccc3C2)=C1,1
O=C1C=CC(=O)C(C2COc3ccccc3C2c2cccc(C3COc4ccccc4C3)c2)=C1,1
O=C1C=CC(=O)C(CCC(=O)c2ccccc2)=C1,1
O=C1C=CC(=O)C(c2cc3ccccc3o2)=C1,1
O=C1C=CC(=O)C(c2coc3ccccc3c2=O)=C1,1
O=C1C=CC(=O)C1=CC1C=CC(c2ccccc2)C2(C(=O)C=CC2=O)C1c1ccccc1,1
O=C1C=CC(=O)C1=CC=Cc1ccccc1,2
O=C1C=CC(=O)C1C(=O)C=Cc1ccccc1,1
O=C1C=CC(=O)C2=C1CCC(c1ccccc1)O2,1
O=C1C=CC(C2CC(=O)c3ccccc3O2)CC1,2
O=C1C=CC(CC=Cc2ccccc2)C=C1Cc1oc2ccccc2c1-c1ccccc1,1
O=C1C=CC(CCC(=O)c2ccccc2)C=C1,1
O=C1C=CC2(C3Oc4ccccc4CC3OC(=O)c3ccccc3)C(=C1)C(=O)C1C(=O)C=C(C3CCc4ccccc4O3)C12,1
O=C1C=CC2=C(C1)OC(c1ccccc1)CC2=O,1
O=C1C=CC2=C3c4ccccc4OCC3CC2=C1,1
O=C1C=CC2C(=C1)OCC1c3ccccc3OC21,1
O=C1C=CC2c3ccc4c(c3OC23OC(c2ccccc2)CC=C13)CCC(c1ccccc1)O4,1
O=C1C=CC=C1C(=O)C=Cc1ccccc1,1
O=C1C=CCC(=O)C1=CC=Cc1ccccc1,2
O=C1C=CCC(CC(c2ccccc2)c2ccc3c(c2)C(=O)CC(c2ccccc2)O3)O1,1
O=C1C=CCC(CC(c2ccccc2)c2ccc3c(c2)OC(c2ccccc2)CC3=O)O1,1
O=C1C=CCC(CC(c2ccccc2)c2cccc3c2OC(c2ccccc2)CC3=O)O1,1
O=C1C=CCC(CC2CC3CC(C=Cc4ccccc4)(Oc4c(C(=O)C=Cc5ccccc5)cccc43)O2)O1,1
O=C1C=CCC(CC2OC3CC(C=Cc4ccccc4)(Oc4c(C(=O)C=Cc5ccccc5)cccc43)O2)O1,1
O=C1C=CCC1=CC=Cc1ccccc1,1
O=C1C=CCC=C1C(=O)C=Cc1ccccc1,1
O=C1C=CCC=C1Cc1cccc2c1OC(c1ccccc1)CC2=O,1
O=C1C=CCCC1=CC=Cc1ccccc1,1
O=C1C=Cc2c(oc3c2COc2ccccc2-3)C1=O,1
O=C1C=Cc2c(occ(-c3ccc4c(c3)OCO4)c2=O)C1,1
O=C1CC(=O)C(=CC=Cc2ccccc2)C(=O)C1,1
O=C1CC(=O)C(C(=O)C=Cc2ccccc2)C(=O)C1,1
O=C1CC(=O)C(C(=O)CCc2ccccc2)C(=O)C1,1
O=C1CC(=O)C2=C(C1)Oc1cc3c(cc1C2)C(=O)CC(c1ccccc1)O3,1
O=C1CC(=O)C2=C(C1)Oc1ccc3c(c1C2)OC(c1ccccc1)CC3=O,1
O=C1CC(=O)C2=C(C1)Oc1ccc3c(c1C2c1ccccc1)OC(c1ccccc1)CC3=O,1
O=C1CC(=O)C2C(C1)Oc1ccc3c(c1C2c1ccccc1)OC(c1ccccc1)CC3=O,1
O=C1CC(=O)C2Cc3c(ccc4c3OC(c3ccccc3)CC4=O)OC2C1,1
O=C1CC(C2=CC3C(=O)C4OCC(C24)C3c2ccccc2)Oc2ccccc21,1
O=C1CC(C2=CC=C3OCCCC3C2)Oc2ccccc21,1
O=C1CC(C2=CC=CCC2)Oc2ccccc21,2
O=C1CC(C2=CCCC=C2)Oc2ccccc21,1
O=C1CC(CCc2ccccc2)Oc2ccccc21,1
O=C1CC(c2cc3c(c4c2CCCO4)OCCC3)Oc2ccccc21,1
O=C1CC(c2cc3ccccc3o2)Oc2ccccc21,1
O=C1CC(c2ccc(OC3CCC(OC4CCCCO4)CO3)cc2)Oc2ccccc21,1
O=C1CC(c2ccc(OC3CCCC(COC4CCCCO4)O3)cc2)Oc2ccccc21,2
O=C1CC(c2ccc(OC3CCCCO3)cc2)Oc2cc(OC3CCCC(COC4CCCCO4)O3)ccc21,1
O=C1CC(c2ccc(OC3CCCCO3)cc2)Oc2cc(OC3CCCCO3)ccc21,3
O=C1CC(c2ccc(OC3CCCCO3)cc2)Oc2cc(OC3OCCCC3OC3CCCCO3)ccc21,1
O=C1CC(c2ccc(OC3CCCCO3)cc2)Oc2cccc(OC3CCCCO3)c21,1
O=C1CC(c2ccc(OC3CCCCO3)cc2)Oc2ccccc21,18
O=C1CC(c2ccc(OC3CCCO3)cc2)Oc2cc(OC3CCCCC3)ccc21,1
O=C1CC(c2ccc(OC3CCCO3)cc2)Oc2cc(OC3CCCCO3)ccc21,1
O=C1CC(c2ccc(OC3OCCCC3OC3CC(COC(=O)c4c[nH]c5ccccc45)CO3)cc2)Oc2ccccc21,1
O=C1CC(c2ccc(OC3OCCCC3OC3CCCCO3)cc2)Oc2ccccc21,2
O=C1CC(c2ccc(OC3OCCCC3OC3CCCO3)cc2)Oc2ccccc21,2
O=C1CC(c2ccc(OCc3ccccc3)cc2)Oc2cc(OCc3ccccc3)ccc21,1
O=C1CC(c2ccc(Oc3ccc4c(c3)C(=O)CC(c3ccccc3)O4)cc2)Oc2ccccc21,1
O=C1CC(c2ccc(Oc3ccc4oc(-c5ccccc5)cc(=O)c4c3)cc2)Oc2ccccc21,2
O=C1CC(c2ccc(Oc3cccc(-c4cc(=O)c5ccccc5o4)c3)cc2)Oc2ccccc21,2
O=C1CC(c2ccc(Oc3cccc(C4CC(=O)c5ccccc5O4)c3)cc2)Oc2ccccc21,2
O=C1CC(c2ccc(Oc3ccccc3C3CC(=O)c4ccc5c(c4O3)C=CCO5)cc2)Oc2c1ccc1c2C=CCO1,1
O=C1CC(c2ccc3c(c2)C(c2ccccc2)C(c2ccccc2)O3)Oc2c1ccc1c2CCCO1,1
O=C1CC(c2ccc3c(c2)C(c2ccccc2)C(c2ccccc2)O3)Oc2ccccc21,1
O=C1CC(c2ccc3c(c2)C=CCO3)Oc2c1ccc1c2C=CCO1,1
O=C1CC(c2ccc3c(c2)C=CCO3)Oc2cc3c(cc21)C=CCO3,1
O=C1CC(c2ccc3c(c2)C=CCO3)Oc2ccccc21,4
O=C1CC(c2ccc3c(c2)CC(c2ccccc2)O3)Oc2ccccc21,3
O=C1CC(c2ccc3c(c2)CCCO3)Oc2c1ccc1c2CCCO1,1
O=C1CC(c2ccc3c(c2)CCCO3)Oc2cc3c(cc21)CCCO3,1
O=C1CC(c2ccc3c(c2)CCCO3)Oc2ccccc21,2
O=C1CC(c2ccc3c(c2)CCO3)Oc2ccccc21,1
O=C1CC(c2ccc3c(c2)OCO3)Oc2c1ccc1c2C=CCO1,1
O=C1CC(c2ccc3c(c2)OCO3)Oc2c1ccc1ccoc21,1
O=C1CC(c2ccc3c(c2)OCO3)Oc2c1ccc1occc21,1
O=C1CC(c2ccc3c(c2)OCO3)Oc2cc(OC3CCCC(COC4CCCCO4)O3)ccc21,1
O=C1CC(c2ccc3c(c2)OCO3)Oc2ccccc21,5
O=C1CC(c2ccc3oc(-c4ccccc4)cc3c2)Oc2ccccc21,1
O=C1CC(c2cccc(-c3ccc4c(c3)C(=O)CC(c3ccccc3)O4)c2)Oc2ccccc21,1
O=C1CC(c2cccc(-c3ccc4oc(-c5ccccc5)cc(=O)c4c3)c2)Oc2ccccc21,1
O=C1CC(c2cccc(-c3cccc4c(=O)cc(-c5ccccc5)oc34)c2)Oc2ccccc21,4
O=C1CC(c2cccc(-c3cccc4c3OC(c3ccccc3)CC4=O)c2)Oc2ccccc21,4
O=C1CC(c2cccc(-c3ccccc3)c2)Oc2cc3c(cc21)C=CCO3,2
O=C1CC(c2cccc(C3C=CCC(c4ccccc4)C3C(=O)c3ccc4c(c3)C=CCO4)c2)Oc2ccccc21,1
O=C1CC(c2cccc(C3C=CCC(c4ccccc4)C3C(=O)c3ccccc3)c2)Oc2ccccc21,1
O=C1CC(c2cccc(CC3CO3)c2)Oc2ccccc21,1
O=C1CC(c2cccc(OC3CCCCO3)c2)Oc2cc(OC3CCCCO3)ccc21,1
O=C1CC(c2cccc(OC3CCCCO3)c2)Oc2cccc(OC3CCCCO3)c21,1
O=C1CC(c2cccc(OC3CCCCO3)c2)Oc2ccccc21,7
O=C1CC(c2cccc(Oc3ccc(-c4cc(=O)c5ccccc5o4)cc3)c2)Oc2ccccc21,1
O=C1CC(c2cccc3c2C=CCO3)Oc2ccccc21,1
O=C1CC(c2cccc3c2CC(c2ccccc2)O3)Oc2ccccc21,1
O=C1CC(c2cccc3c2CCCO3)Oc2ccccc21,1
O=C1CC(c2cccc3c2OCC=C3)Oc2ccccc21,1
O=C1CC(c2ccccc2)C(c2ccccc2)Oc2ccccc21,1
O=C1CC(c2ccccc2)OC2=CC3OCC=CC3C=C12,1
O=C1CC(c2ccccc2)OC2=CC3OCCCC3C=C12,1
O=C1CC(c2ccccc2)Oc2c(CC3COCC(Cc4cccc5c4OC(c4ccccc4)CC5=O)O3)cccc21,1
O=C1CC(c2ccccc2)Oc2c(CC=Cc3ccccc3)cc(CC=Cc3ccccc3)cc21,1
O=C1CC(c2ccccc2)Oc2c(CC=Cc3ccccc3)cc(Cc3ccccc3)cc21,1
O=C1CC(c2ccccc2)Oc2c(Cc3cccc(Cc4ccccc4)c3)cc(Cc3ccccc3)cc21,1
O=C1CC(c2ccccc2)Oc2c(Cc3ccccc3)cc(CC=Cc3ccccc3)cc21,1
O=C1CC(c2ccccc2)Oc2c(Cc3ccccc3)cc(Cc3cccc(Cc4ccccc4)c3)cc21,1
O=C1CC(c2ccccc2)Oc2c(Cc3ccccc3)cc(Cc3ccccc3)cc21,5
O=C1CC(c2ccccc2)Oc2c(Cc3ccccc3)cccc21,4
O=C1CC(c2ccccc2)Oc2c(OC3CCCCO3)cccc21,3
O=C1CC(c2ccccc2)Oc2c1cc(C1C=CCCC1)cc2C1C=CCCC1,1
O=C1CC(c2ccccc2)Oc2c1cc1c(c2C2CCO2)OCC=C1,1
O=C1CC(c2ccccc2)Oc2c1cc1c(c2CC2CCCOC2)OC(c2ccccc2)C1c1ccccc1,1
O=C1CC(c2ccccc2)Oc2c1cc1c(c2CC2CO2)OCC=C1,1
O=C1CC(c2ccccc2)Oc2c1ccc(OC1CCCCO1)c2C1C(=O)c2ccccc2OC1c1ccccc1,1
O=C1CC(c2ccccc2)Oc2c1ccc(OC1CCCCO1)c2C1CCCCO1,1
O=C1CC(c2ccccc2)Oc2c1ccc1c2C(CCCCc2ccccc2)CC(c2ccccc2)O1,1
O=C1CC(c2ccccc2)Oc2c1ccc1c2C2CC(CCc3ccccc3)OC(c3ccccc3)C2C(c2ccccc2)O1,1
O=C1CC(c2ccccc2)Oc2c1ccc1c2C2CC(CCc3ccccc3)OC2O1,1
O=C1CC(c2ccccc2)Oc2c1ccc1c2C2CC(c3ccccc3)(Oc3cc(OC4CCCCO4)ccc32)O1,1
O=C1CC(c2ccccc2)Oc2c1ccc1c2C2CCOC2O1,1
O=C1CC(c2ccccc2)Oc2c1ccc1c2C=CCO1,6
O=C1CC(c2ccccc2)Oc2c1ccc1c2CC=CCO1,1
O=C1CC(c2ccccc2)Oc2c1ccc1c2CCCO1,2
O=C1CC(c2ccccc2)Oc2c1ccc1c2CCO1,5
O=C1CC(c2ccccc2)Oc2c1ccc1c2OCCC=C1,1
O=C1CC(c2ccccc2)Oc2c1ccc1c2oc2ccccc21,1
O=C1CC(c2ccccc2)Oc2c1ccc1oc3ccccc3c21,1
O=C1CC(c2ccccc2)Oc2c1ccc1occc21,1
O=C1CC(c2ccccc2)Oc2c1cccc2-c1cccc(-c2cc(=O)c3ccccc3o2)c1,2
O=C1CC(c2ccccc2)Oc2c1cccc2-c1cccc2c1OC(c1ccccc1)CC2=O,1
O=C1CC(c2ccccc2)Oc2c1cccc2-c1coc2ccccc2c1=O,1
O=C1CC(c2ccccc2)Oc2c1cccc2C(C=CCCCCc1ccccc1)c1ccccc1,1
O=C1CC(c2ccccc2)Oc2c1cccc2C(C=Cc1ccccc1)CCCCc1ccccc1,1
O=C1CC(c2ccccc2)Oc2c1cccc2C1C(=O)c2ccccc2OC1c1ccccc1,3
O=C1CC(c2ccccc2)Oc2c1cccc2C1C=CCCC1,1
O=C1CC(c2ccccc2)Oc2c1cccc2C1CC(CCc2ccccc2)OC(c2ccccc2)C1,1
O=C1CC(c2ccccc2)Oc2c1cccc2C1CC(c2ccccc2)Oc2ccccc21,2
O=C1CC(c2ccccc2)Oc2c1cccc2C1CCCC(COC2CCCCO2)O1,1
O=C1CC(c2ccccc2)Oc2c1cccc2C1CCCCO1,4
O=C1CC(c2ccccc2)Oc2c1cccc2C1CCCN=CN1,1
O=C1CC(c2ccccc2)Oc2c1cccc2C1CCOC1,1
O=C1CC(c2ccccc2)Oc2c1cccc2C1Cc2ccccc2OC1c1ccccc1,1
O=C1CC(c2ccccc2)Oc2c1cccc2C1OCCCC1OC1CCCCO1,1
O=C1CC(c2ccccc2)Oc2c1cccc2C1OCCCC1OC1CCCO1,1
O=C1CC(c2ccccc2)Oc2c3c(c4c(c21)OCC4)OCC3,1
O=C1CC(c2ccccc2)Oc2c3c(c4c(c21)OCCC4)OCCC3,1
O=C1CC(c2ccccc2)Oc2cc(C3OCCCC3OC3CCCCO3)ccc21,1
O=C1CC(c2ccccc2)Oc2cc(OC3CCC(OC4CCCCO4)CO3)ccc21,2
O=C1CC(c2ccccc2)Oc2cc(OC3CCC(OC4CCCO4)CO3)ccc21,1
O=C1CC(c2ccccc2)Oc2cc(OC3CCC4OC(=O)c5ccccc5-c5ccccc5C(=O)OCC4O3)ccc21,1
O=C1CC(c2ccccc2)Oc2cc(OC3CCCC(COC4CCCCO4)O3)ccc21,25
O=C1CC(c2ccccc2)Oc2cc(OC3CCCC(COC4CCCO4)O3)ccc21,3
O=C1CC(c2ccccc2)Oc2cc(OC3CCCCO3)cc(OC3CCCCO3)c21,2
O=C1CC(c2ccccc2)Oc2cc(OC3CCCCO3)ccc21,48
O=C1CC(c2ccccc2)Oc2cc(OC3CCCO3)ccc21,1
O=C1CC(c2ccccc2)Oc2cc(OC3CCCOC3)ccc21,1
O=C1CC(c2ccccc2)Oc2cc(OC3OC(COC4CCCCO4)CCC3OC3CCCCO3)ccc21,4
O=C1CC(c2ccccc2)Oc2cc(OC3OC(COC4CCCCO4)CCC3OC3OCCCC3OC3CCCCO3)ccc21,1
O=C1CC(c2ccccc2)Oc2cc(OC3OCCCC3OC3CC(COC4CCCO4)CO3)ccc21,1
O=C1CC(c2ccccc2)Oc2cc(OC3OCCCC3OC3CCCCO3)ccc21,25
O=C1CC(c2ccccc2)Oc2cc(OC3OCCCC3OC3CCCO3)ccc21,3
O=C1CC(c2ccccc2)Oc2cc(OC3OCCCC3OC3OCCCC3OC3CCCCO3)ccc21,2
O=C1CC(c2ccccc2)Oc2cc(OCC3CO3)ccc21,1
O=C1CC(c2ccccc2)Oc2cc(OCc3ccccc3)cc(OCc3ccccc3)c21,1
O=C1CC(c2ccccc2)Oc2cc(Oc3ccccc3)ccc21,1
O=C1CC(c2ccccc2)Oc2cc3c(cc21)C(C(=O)c1ccccc1)C(c1ccccc1)O3,1
O=C1CC(c2ccccc2)Oc2cc3c(cc21)C(c1ccccc1)C(c1ccccc1)O3,1
O=C1CC(c2ccccc2)Oc2cc3c(cc21)C1CCOC(C=Cc2ccccc2)(C1)O3,1
O=C1CC(c2ccccc2)Oc2cc3c(cc21)C1CCOC(C=Cc2ccccc2)(C3)C1,1
O=C1CC(c2ccccc2)Oc2cc3c(cc21)C=CCCO3,1
O=C1CC(c2ccccc2)Oc2cc3c(cc21)C=CCO3,8
O=C1CC(c2ccccc2)Oc2cc3c(cc21)CCCO3,4
O=C1CC(c2ccccc2)Oc2cc3c(cc21)CCO3,6
O=C1CC(c2ccccc2)Oc2cc3c(cc21)OC=CO3,1
O=C1CC(c2ccccc2)Oc2cc3c(cc21)OCC=C3,1
O=C1CC(c2ccccc2)Oc2cc3c(cc21)OCO3,5
O=C1CC(c2ccccc2)Oc2cc3oc4ccccc4c3cc21,1
O=C1CC(c2ccccc2)Oc2ccc(-c3c(-c4ccccc4)oc4ccccc4c3=O)cc21,1
O=C1CC(c2ccccc2)Oc2ccc(-c3ccc4c(c3)C(=O)CC(c3ccccc3)O4)cc21,1
O=C1CC(c2ccccc2)Oc2ccc(-c3cccc(-c4cc(=O)c5ccccc5o4)c3)cc21,1
O=C1CC(c2ccccc2)Oc2ccc(-c3cccc4c3OC(c3ccccc3)CC4=O)cc21,3
O=C1CC(c2ccccc2)Oc2ccc(-c3ccccc3-c3cc(=O)c4ccccc4o3)cc21,2
O=C1CC(c2ccccc2)Oc2ccc(C3C(=O)c4ccccc4OC3c3ccccc3)cc21,2
O=C1CC(c2ccccc2)Oc2ccc(C3C=CCCC3)cc21,2
O=C1CC(c2ccccc2)Oc2ccc(C3CC(c4ccccc4)Oc4ccccc43)cc21,1
O=C1CC(c2ccccc2)Oc2ccc(C3CCCCO3)cc21,4
O=C1CC(c2ccccc2)Oc2ccc(C3CCCN=CN3)cc21,1
O=C1CC(c2ccccc2)Oc2ccc(CC=Cc3ccccc3)cc21,1
O=C1CC(c2ccccc2)Oc2ccc(CCC3CCCO3)cc21,1
O=C1CC(c2ccccc2)Oc2ccc(Cc3ccc4c(c3)C(=O)CC(c3ccccc3)O4)cc21,1
O=C1CC(c2ccccc2)Oc2ccc(Cc3cccc4c3OC(c3ccccc3)CC4=O)cc21,1
O=C1CC(c2ccccc2)Oc2ccc(Cc3ccccc3)cc21,5
O=C1CC(c2ccccc2)Oc2ccc(Cc3cccoc3=O)cc21,1
O=C1CC(c2ccccc2)Oc2ccc(OC3CCCC(COC4CCCCO4)O3)cc21,1
O=C1CC(c2ccccc2)Oc2ccc(Oc3ccc(-c4cc(=O)c5ccccc5o4)cc3)cc21,1
O=C1CC(c2ccccc2)Oc2ccc3ccoc3c21,1
O=C1CC(c2ccccc2)Oc2cccc(OC3CCC(OC4CCCCO4)CO3)c21,1
O=C1CC(c2ccccc2)Oc2cccc(OC3CCCC(COC4CCCCO4)O3)c21,2
O=C1CC(c2ccccc2)Oc2cccc(OC3CCCCO3)c21,16
O=C1CC(c2ccccc2)Oc2cccc(OC3CCCOC3)c21,1
O=C1CC(c2ccccc2)Oc2cccc(OC3OCCCC3OC3CCCCO3)c21,2
O=C1CC(c2ccccc2)Oc2cccc(OCC3CCCCO3)c21,1
O=C1CC(c2ccccc2)Oc2ccccc21,142
O=C1CC(c2ccccc2)c2c(c(C3CC(c4ccccc4)Oc4ccccc43)cc3c2OC(c2ccccc2)CC3c2cccc3c2OC(c2ccccc2)CC3)O1,1
O=C1CC(c2ccccc2)c2c(ccc3c(=O)cc(-c4ccccc4)oc23)O1,1
O=C1CC(c2ccccc2)c2c(ccc3c2CC(c2ccccc2)CC3)O1,7
O=C1CC(c2ccccc2)c2c(ccc3c2OC(c2ccccc2)C(OC(=O)CCCCc2ccccc2)C3)O1,1
O=C1CC(c2ccccc2)c2c(ccc3c2OC(c2ccccc2)C(OC2CCCCO2)C3)O1,1
O=C1CC(c2ccccc2)c2c(ccc3c2OC(c2ccccc2)CC3)O1,12
O=C1CC(c2ccccc2)c2c(ccc3c2OC(c2ccccc2)CC3c2cccc3c2OC(c2ccccc2)CC3)O1,5
O=C1CC(c2ccccc2)c2c(ccc3c2OC(c2ccccc2)CC3c2cccc3c2OC(c2ccccc2)CC3c2ccc3c(c2)CCC(c2ccccc2)O3)O1,1
O=C1CC(c2ccccc2)c2c(ccc3c2OC(c2ccccc2)CC3c2cccc3c2OC(c2ccccc2)CC3c2cccc3c2OC(c2ccccc2)CC3)O1,1
O=C1CC(c2ccccc2)c2cc3c(=O)cc(-c4ccccc4)oc3cc2O1,1
O=C1CC(c2ccccc2)c2cc3c(cc2O1)OC(c1ccccc1)CC3=O,1
O=C1CC(c2ccccc2)c2ccc3c(c2O1)CC(OC(=O)CCCCc1ccccc1)C(c1ccccc1)O3,1
O=C1CC(c2ccccc2)c2ccc3c(c2O1)CCC(c1ccccc1)O3,7
O=C1CC(c2ccccc2)c2cccc(C(=O)CCc3ccccc3)c2O1,1
O=C1CC(c2ccccc2)c2ccccc2O1,2
O=C1CC(c2ccccc2-c2ccccc2C2CC(=O)c3ccccc3O2)Oc2ccccc21,1
O=C1CC(c2ccccc2OC2CC(OC3CCCCO3)CCO2)Oc2ccccc21,1
O=C1CC(c2ccccc2OC2CCCCO2)Oc2ccccc21,2
O=C1CC2C(=CC=Cc3ccccc3)C(=O)C=CC2O1,1
O=C1CC2C3=C(CCC2O1)OC(c1ccccc1)CC3=O,1
O=C1CC2CC(c3ccccc3)Oc3c(C4CC(c5ccccc5)Oc5c4ccc4c5C5CC(c6ccccc6)(Oc6ccccc65)O4)ccc(c32)O1,1
O=C1CC2OC(C(Oc3ccc4c(c3)OC(c3ccccc3)CC4=O)c3ccccc3)CC2O1,1
O=C1CC2OC(OC3C(Oc4ccc5c(c4)OC(c4ccccc4)CC5=O)OC4CC(=O)OC43)CC2O1,1
O=C1CC2Oc3c(ccc4c3CCC(c3ccccc3)O4)C2C2=C1CCC(c1ccccc1)O2,1
O=C1CC=C(C(=O)C=Cc2ccccc2)C(=O)C1,1
O=C1CC=C(C(=O)CCc2ccccc2)C(=O)C1,2
O=C1CC=C(Cc2cccc3c2OC(c2ccccc2)CC3=O)C(=O)C1,1
O=C1CC=C2C(=O)CC3OC2(C1)Oc1ccccc13,1
O=C1CC=CC2=C1Cc1c(ccc3c1OC(c1ccccc1)CC3=O)O2,1
O=C1CC=CC=C1C(=O)CCc1ccccc1,2
O=C1CCC=CC1C(=O)OC1Cc2cccc(C3CC(c4ccccc4)Oc4c(C5CC(c6ccccc6)Oc6ccccc65)cccc43)c2OC1c1ccccc1,1
O=C1CCC=CC1C(=O)OC1Cc2cccc(C3CC(c4ccccc4)Oc4ccccc43)c2OC1c1ccccc1,1
O=C1CCC=CC1C(=O)OC1Cc2ccccc2OC1c1ccccc1,1
O=C1CCCC2CC(CC(C=Cc3ccccc3)O2)c2c(ccc3c2OC(c2ccccc2)CC3=O)O1,1
O=C1CCCC2CC(CC(C=Cc3ccccc3)O2)c2cc(C(=O)C=Cc3ccccc3)ccc2O1,1
O=C1CCCC2CC(CC(C=Cc3ccccc3)O2)c2cc3c(cc2O1)OC(c1ccccc1)CC3=O,1
O=C1CCCC=C1C(=O)CCc1ccccc1,1
O=C1CCCc2cc3ccccc3cc21,1
O=C1CCOC(Oc2ccccc2C(=O)CCc2ccccc2)C1,1
O=C1CCOc2c1ccc1c2C=CCO1,1
O=C1CCOc2ccc(C3CC(=O)c4ccccc4O3)cc21,1
O=C1OC2(COc3ccccc3C2=O)Oc2c1ccc1c2C=CCO1,1
O=C1OCC2OC(Oc3ccc(C(=O)CCc4ccccc4)cc3)CCC2OC(=O)c2cccc3c2C2CC(O3)C(=O)C=C12,1
O=C1OCCC(C2OC(=O)c3ccccc3-c3cccc4c3C(=O)OC2C4c2ccc3c(c2)CCC(c2ccccc2)O3)OC(=O)c2ccccc2-c2ccccc21,1
O=C1OCCC(C2OC(=O)c3ccccc3-c3cccc4c3C(=O)OC2C4c2cccc3c2OC(c2ccccc2)CC3)OC(=O)c2ccccc2-c2ccccc21,3
O=C1OCCC(C2OC(=O)c3ccccc3-c3ccccc3C(=O)OC2COc2ccc3c(c2)CCC(c2ccccc2)O3)OC(=O)c2ccccc2-c2ccccc21,2
O=C1OCCC(C2OC(=O)c3ccccc3-c3ccccc3C(=O)OC2Cc2ccc3c(c2)CCC(c2ccccc2)O3)OC(=O)c2ccccc2-c2ccccc21,3
O=C1OCCC(C2OC(=O)c3ccccc3-c3ccccc3C(=O)OC2Cc2cccc3c2OC(c2ccccc2)CC3)OC(=O)c2ccccc2-c2ccccc21,1
O=C1OCCC2OC(=O)c3c(cccc3-c3cccc4c3C(=O)OC2C4c2cccc3c2OC(c2ccccc2)CC3)-c2ccccc21,2
O=C1Oc2c(C(=O)C=Cc3ccccc3)cccc2C1=CC=Cc1ccccc1,1
O=C1Oc2ccc(C(=O)CCc3ccccc3)cc2C1=Cc1ccccc1,1
O=C1Oc2ccc(C3C=CCC(c4ccccc4)C3C(=O)c3ccccc3)cc2C(=O)C1c1ccccc1,1
O=C1Oc2ccc3c(c2C12c1ccccc1OC2c1ccccc1)OC(c1ccccc1)CC3,3
O=C1c2c(OC3CCCCO3)cccc2OC1Cc1ccccc1,5
O=C1c2c(OC3CCCCO3)cccc2OC2COc3ccccc3C12,1
O=C1c2c(ccc3c2OCCC3)OCC1c1ccccc1,1
O=C1c2c(cccc2OC2CCCCO2)OCC1Cc1ccccc1,1
O=C1c2cc(C3=CC4CC(C3)c3ccccc3O4)ccc2OC2c3ccccc3OC12,1
O=C1c2cc(C3C=CCC(c4ccccc4)C3C(=O)c3ccc4c(c3)CCCO4)ccc2OC2c3ccccc3OC12,1
O=C1c2cc(C3C=CCC(c4ccccc4)C3C(=O)c3ccccc3)ccc2OC2c3ccccc3OC12,1
O=C1c2cc(C3C=CCCC3)ccc2OCC1c1ccccc1,1
O=C1c2cc(C3CCCCO3)ccc2OCC1c1ccccc1,1
O=C1c2cc(OCC3CCCCO3)ccc2OCC1c1ccccc1,1
O=C1c2cc3c(cc2OC(c2ccccc2)C(c2ccccc2)C1C(=O)N1CCCC1)OCO3,1
O=C1c2cc3c(cc2OC2COc4ccccc4C12)OCC=C3,1
O=C1c2cc3c(cc2OC2Oc4ccccc4C12)OCC3,1
O=C1c2cc3c(cc2OC2c4ccccc4OC12)OCC3,1
O=C1c2cc3c(cc2OC2c4ccccc4OC12)OCC=C3,1
O=C1c2cc3c(cc2OC2c4ccccc4OC12)OCCC3,1
O=C1c2cc3c(cc2OCC1c1ccc2c(c1)C=CCO2)OCC=C3,1
O=C1c2cc3c(cc2OCC1c1ccc2c(c1)OCO2)OCC=C3,1
O=C1c2cc3c(cc2OCC1c1ccccc1)OCC3,1
O=C1c2cc3c(cc2OCC1c1ccccc1)OCC=C3,2
O=C1c2cc3ccoc3cc2OC2CCc3ccccc3C12,1
O=C1c2cc3ccoc3cc2OC2COc3cc4c(cc3C12)OCO4,1
O=C1c2cc3ccoc3cc2OC2COc3ccccc3C12,1
O=C1c2cc3ccoc3cc2OCC1c1ccc2c(c1)OCO2,1
O=C1c2cc3ccoc3cc2OCC1c1ccccc1,1
O=C1c2ccc(OC3CCCCO3)cc2OC(c2ccccc2)C1C1C(=O)c2ccc(OC3CCCCO3)cc2OC1c1ccccc1,1
O=C1c2ccc(OC3CCCCO3)cc2OC(c2ccccc2)C1OC1CCCCO1,1
O=C1c2ccc(OC3CCCCO3)cc2OC1Cc1ccccc1,2
O=C1c2ccc(OC3CCCCO3)cc2OCC1c1ccc(OC2CCCCO2)cc1,1
O=C1c2ccc(OC3CCCCO3)cc2OCC1c1ccc2c(c1)OCO2,1
O=C1c2ccc(OC3CCCCO3)cc2OCC1c1ccccc1,3
O=C1c2ccc(Oc3ccc4c(=O)ccoc4c3)cc2OCC1c1ccccc1,1
O=C1c2ccc3c(c2OC2CCc4ccccc4C12)CCO3,1
O=C1c2ccc3c(c2OC2COC4(C=CC=CC4=O)C12)C=CCO3,1
O=C1c2ccc3c(c2OC2COc4cc5c(cc4C12)OCO5)C=CCO3,1
O=C1c2ccc3c(c2OC2COc4cc5c(cc4C12)OCO5)CCO3,1
O=C1c2ccc3c(c2OC2COc4cc5c(cc4C12)OCO5)OCO3,1
O=C1c2ccc3c(c2OC2COc4ccccc4C12)C1CC1O3,1
O=C1c2ccc3c(c2OC2COc4ccccc4C12)C=CCC3,1
O=C1c2ccc3c(c2OC2COc4ccccc4C12)C=CCO3,3
O=C1c2ccc3c(c2OC2COc4ccccc4C12)CC(COC1CCCCO1)O3,1
O=C1c2ccc3c(c2OC2COc4ccccc4C12)CCCO3,1
O=C1c2ccc3c(c2OC2COc4ccccc4C12)CCO3,6
O=C1c2ccc3c(c2OC2c4ccccc4OC12)C=CCO3,1
O=C1c2ccc3c(c2OC2c4ccccc4OCCC12)C=CCO3,1
O=C1c2ccc3c(c2OCC1c1ccc2c(c1)C=CCO2)C=CCO3,1
O=C1c2ccc3c(c2OCC1c1ccc2c(c1)C=CCO2)CCCO3,1
O=C1c2ccc3c(c2OCC1c1ccc2c(c1)CCCO2)CCCO3,1
O=C1c2ccc3c(c2OCC1c1ccc2c(c1)OCO2)C=CCO3,1
O=C1c2ccc3c(c2OCC1c1cccc2c1OCC=C2)C=CCO3,1
O=C1c2ccc3c(c2OCC1c1ccccc1)C=CCO3,2
O=C1c2ccc3c(c2OCC1c1ccccc1)CCCO3,1
O=C1c2ccc3c(c2OCC1c1ccccc1)CCO3,1
O=C1c2ccc3occc3c2OC12CCOc1ccccc1O2,1
O=C1c2ccc3occc3c2OC2COc3ccccc3C12,2
O=C1c2cccc(C3C=CCC(c4ccccc4)C3C(=O)c3ccccc3)c2OC2c3ccccc3OC12,1
O=C1c2cccc(C3CCCCO3)c2OC1Cc1ccccc1,1
O=C1c2ccccc2C2c3ccccc3OC12OC1CCCC(COC2CCCCO2)O1,2
O=C1c2ccccc2OC(C2Oc3ccccc3C(=O)C2c2ccccc2)C1c1ccccc1,1
O=C1c2ccccc2OC(c2ccccc2)C(c2ccccc2)C1C(=O)N1CCCC1,1
O=C1c2ccccc2OC(c2ccccc2)C(c2ccccc2)C1C=NCCCCN=CC=CCOC1CCCCO1,1
O=C1c2ccccc2OC(c2ccccc2)C1C1C(=O)c2ccccc2OC1c1ccccc1,4
O=C1c2ccccc2OC(c2ccccc2)C1C1Cc2ccccc2OC1c1ccccc1,1
O=C1c2ccccc2OC(c2ccccc2)C1OC1CCCC(COC2CC(OC3CCCCO3)CCO2)O1,1
O=C1c2ccccc2OC(c2ccccc2)C1OC1CCCC(COC2CCCCO2)O1,2
O=C1c2ccccc2OC(c2ccccc2)C1OC1CCCCO1,51
O=C1c2ccccc2OC(c2ccccc2)C1OC1CCCO1,4
O=C1c2ccccc2OC(c2ccccc2)C1OC1OCCCC1OC1CCCCO1,1
O=C1c2ccccc2OC(c2ccccc2)C1c1c(-c2ccccc2)oc2ccccc2c1=O,1
O=C1c2ccccc2OC(c2ccccc2)C1c1c(OC2CCCCO2)ccc2c(=O)cc(-c3ccccc3)oc12,1
O=C1c2ccccc2OC(c2ccccc2)C1c1cccc2c(=O)cc(-c3ccccc3)oc12,2
O=C1c2ccccc2OC12Cc1ccccc1CO2,1
O=C1c2ccccc2OC1Cc1ccccc1,5
O=C1c2ccccc2OC1c1ccccc1,1
O=C1c2ccccc2OC2(c3ccccc3)OC12c1ccccc1,1
O=C1c2ccccc2OC2(c3ccccc3)OC34c5ccccc5OC3Oc3ccccc3C4C12,1
O=C1c2ccccc2OC2C(OC3CCCCO3)Oc3ccccc3C12,1
O=C1c2ccccc2OC2C=CC=CC12,2
O=C1c2ccccc2OC2COc3cc4c(cc3C12)OCO4,1
O=C1c2ccccc2OC2COc3ccccc3C12,2
O=C1c2ccccc2OC2c3ccccc3COC12,1
O=C1c2ccccc2OC2c3ccccc3OC12,1
O=C1c2ccccc2OCC12Cc1ccccc12,1
O=C1c2ccccc2OCC12Oc1c(ccc3c1C=CCO3)C2=O,1
O=C1c2ccccc2OCC12Oc1c(ccc3c1CCO3)C2=O,1
O=C1c2ccccc2OCC1C(C(=O)c1cccc(C(c2ccccc2)c2ccccc2)c1)C(c1ccccc1)c1ccccc1,1
O=C1c2ccccc2OCC1C1C=CC=CC1,1
O=C1c2ccccc2OCC1Cc1ccc2c(c1)OCO2,1
O=C1c2ccccc2OCC1Cc1ccccc1,3
O=C1c2ccccc2OCC1c1ccc(OC2CCCCO2)cc1,2
O=C1c2ccccc2OCC1c1ccc(OCC2CCCCC2)cc1,1
O=C1c2ccccc2OCC1c1ccc2c(c1)-c1ccccc1CO2,1
O=C1c2ccccc2OCC1c1ccc2c(c1)C1C=CCCC1CO2,1
O=C1c2ccccc2OCC1c1ccc2c(c1)C1CC3CCC(O2)C31,1
O=C1c2ccccc2OCC1c1ccc2c(c1)C=CCO2,1
O=C1c2ccccc2OCC1c1ccc2c(c1)CCCO2,1
O=C1c2ccccc2OCC1c1ccc2c(c1)OCO2,1
O=C1c2ccccc2OCC1c1cccc(CC2CO2)c1,1
O=C1c2ccccc2OCC1c1cccc2c1OCC=C2,1
O=C1c2ccccc2OCC1c1ccccc1,9
O=c1c(-c2ccc(Cc3ccccc3)cc2)coc2ccccc12,1
O=c1c(-c2ccc(OC3CC(COC4CCCCO4)CO3)cc2)coc2cc(OC3CC(COC4CCCCO4)CO3)ccc12,1
O=c1c(-c2ccc(OC3CCCC(COC4CCCCO4)O3)cc2)coc2cc(OC3CCCCO3)ccc12,1
O=c1c(-c2ccc(OC3CCCC(COC4CCCCO4)O3)cc2)coc2cc3c(cc12)OCO3,1
O=c1c(-c2ccc(OC3CCCC(COC4CCCCO4)O3)cc2)coc2ccccc12,1
O=c1c(-c2ccc(OC3CCCC(COC4CCCO4)O3)cc2)coc2ccccc12,3
O=c1c(-c2ccc(OC3CCCCO3)cc2)coc2c(C3CCCCO3)cccc12,1
O=c1c(-c2ccc(OC3CCCCO3)cc2)coc2cc(OC3CCCCO3)ccc12,5
O=c1c(-c2ccc(OC3CCCCO3)cc2)coc2cc3c(cc12)C=CCO3,1
O=c1c(-c2ccc(OC3CCCCO3)cc2)coc2cc3c(cc12)OCO3,2
O=c1c(-c2ccc(OC3CCCCO3)cc2)coc2ccccc12,4
O=c1c(-c2ccc(OC3CCCO3)cc2)coc2cc(OC3CCCCO3)ccc12,1
O=c1c(-c2ccc(OC3OC(COC4CCCCO4)CCC3OC3CCCCO3)cc2)coc2cc3c(cc12)OCO3,1
O=c1c(-c2ccc(OC3OCCCC3OC3CCCCO3)cc2)coc2cc(OC3CCCCO3)ccc12,1
O=c1c(-c2ccc(OC3OCCCC3OC3CCCCO3)cc2)coc2ccccc12,1
O=c1c(-c2ccc(OC3OCCCC3Oc3ccccc3)c(OC3CCCCO3)c2)coc2cc3c(cc12)OCO3,1
O=c1c(-c2ccc3c(c2)C=CCO3)coc2c3c(ccc12)OCC3,1
O=c1c(-c2ccc3c(c2)C=CCO3)coc2c3c(ccc12)OCC=C3,1
O=c1c(-c2ccc3c(c2)C=CCO3)coc2cc3c(cc12)C=CCO3,1
O=c1c(-c2ccc3c(c2)C=CCO3)coc2cc3c(cc12)CCCO3,1
O=c1c(-c2ccc3c(c2)C=CCO3)coc2cc3c(cc12)CCO3,1
O=c1c(-c2ccc3c(c2)C=CCO3)coc2cc3occc3cc12,1
O=c1c(-c2ccc3c(c2)C=CCO3)coc2ccccc12,3
O=c1c(-c2ccc3c(c2)CCCO3)coc2ccc3c(c12)OCCC3,1
O=c1c(-c2ccc3c(c2)CCCO3)coc2ccccc12,2
O=c1c(-c2ccc3c(c2)CCO3)coc2cc3c(cc12)C=CCO3,1
O=c1c(-c2ccc3c(c2)CCO3)coc2cc3c(cc12)CCO3,2
O=c1c(-c2ccc3c(c2)CCO3)coc2ccccc12,1
O=c1c(-c2ccc3c(c2)OCC=C3)coc2ccccc12,1
O=c1c(-c2ccc3c(c2)OCCO3)coc2cc(OC3CCCCO3)ccc12,1
O=c1c(-c2ccc3c(c2)OCO3)coc2c3c(ccc12)C=CCO3,1
O=c1c(-c2ccc3c(c2)OCO3)coc2c3c(ccc12)OCC3,1
O=c1c(-c2ccc3c(c2)OCO3)coc2c3c(ccc12)OCC=C3,1
O=c1c(-c2ccc3c(c2)OCO3)coc2c3c(ccc12)OCO3,1
O=c1c(-c2ccc3c(c2)OCO3)coc2cc(OC3CCCC(COC4CCCCO4)O3)ccc12,1
O=c1c(-c2ccc3c(c2)OCO3)coc2cc(OC3CCCC(COC4CCCO4)O3)ccc12,1
O=c1c(-c2ccc3c(c2)OCO3)coc2cc(OC3CCCCO3)ccc12,1
O=c1c(-c2ccc3c(c2)OCO3)coc2cc3c(cc12)C=CCO3,1
O=c1c(-c2ccc3c(c2)OCO3)coc2cc3c(cc12)OCO3,1
O=c1c(-c2ccc3c(c2)OCO3)coc2cc3occc3cc12,1
O=c1c(-c2ccc3c(c2)OCO3)coc2ccc(OC3CCCC(COC4CCCCO4)O3)cc12,1
O=c1c(-c2ccc3c(c2)OCO3)coc2ccc(OC3CCCCO3)cc12,1
O=c1c(-c2ccc3c(c2)OCO3)coc2ccccc12,2
O=c1c(-c2ccc3ncoc3c2)coc2ccccc12,1
O=c1c(-c2cccc(C=CC3CCC=CC3c3cccc(-c4coc5ccccc5c4=O)c3)c2)coc2ccccc12,1
O=c1c(-c2cccc(C=CC3CCc4cc(-c5coc6ccccc6c5=O)ccc4O3)c2)coc2ccccc12,1
O=c1c(-c2cccc(Cc3cccc4c(=O)c(-c5ccccc5)coc34)c2)coc2ccccc12,1
O=c1c(-c2cccc(OC3CCCC(COCC4CCCO4)O3)c2)coc2ccccc12,1
O=c1c(-c2cccc(OC3CCCCO3)c2)coc2ccccc12,2
O=c1c(-c2cccc3c2C=CCO3)coc2ccccc12,1
O=c1c(-c2cccc3c2CCCO3)coc2ccccc12,1
O=c1c(-c2cccc3c2CCO3)coc2ccccc12,1
O=c1c(-c2cccc3c2OC(c2ccccc2)CC3)c(-c2ccccc2)oc2ccccc12,1
O=c1c(-c2cccc3c2OCC3)coc2ccccc12,1
O=c1c(-c2cccc3c2OCC=C3)coc2ccccc12,1
O=c1c(-c2cccc3c2OCCC3)coc2ccccc12,1
O=c1c(-c2cccc3ccoc23)coc2ccccc12,1
O=c1c(-c2ccccc2)coc2c(C3C=CCCC3)cccc12,1
O=c1c(-c2ccccc2)coc2c(C3CCCC(COC4CCCO4)O3)cccc12,1
O=c1c(-c2ccccc2)coc2c(C3CCCCO3)c(OC3CCCCO3)ccc12,1
O=c1c(-c2ccccc2)coc2c(C3CCCCO3)cc(C3CCCCO3)cc12,2
O=c1c(-c2ccccc2)coc2c(C3CCCCO3)cccc12,7
O=c1c(-c2ccccc2)coc2c(C3OCCCC3OC3CCCCO3)cccc12,1
O=c1c(-c2ccccc2)coc2c(CC3CO3)c3c(cc12)C=CCO3,1
O=c1c(-c2ccccc2)coc2c(OC3CCCC(COC4CCCCO4)O3)cccc12,1
O=c1c(-c2ccccc2)coc2c(OC3CCCC(COC4CCCO4)O3)cccc12,1
O=c1c(-c2ccccc2)coc2c(OC3CCCCO3)c(OC3CCCCO3)ccc12,1
O=c1c(-c2ccccc2)coc2c(OC3CCCCO3)cccc12,3
O=c1c(-c2ccccc2)coc2c1ccc1ccoc12,1
O=c1c(-c2ccccc2)coc2c3c(c4c(c12)OCCC4)OCCC3,1
O=c1c(-c2ccccc2)coc2c3c(ccc12)OC(c1ccccc1)CO3,1
O=c1c(-c2ccccc2)coc2c3c(ccc12)OC1CC31,1
O=c1c(-c2ccccc2)coc2c3c(ccc12)OC1CCCCC31,1
O=c1c(-c2ccccc2)coc2c3c(ccc12)OCC3,2
O=c1c(-c2ccccc2)coc2c3c(ccc12)OCC=C3,6
O=c1c(-c2ccccc2)coc2c3c(ccc12)OCCC3,1
O=c1c(-c2ccccc2)coc2c3c(ccc12)OCO3,1
O=c1c(-c2ccccc2)coc2cc(OC3CC(OC4CCCC(COC5CCCCO5)O4)CC(COC4CCCCO4)O3)ccc12,1
O=c1c(-c2ccccc2)coc2cc(OC3CCCC(COC4CC(COC5CCCO5)CO4)O3)ccc12,2
O=c1c(-c2ccccc2)coc2cc(OC3CCCC(COC4CCCCO4)O3)ccc12,6
O=c1c(-c2ccccc2)coc2cc(OC3CCCC(COC4CCCO4)O3)ccc12,3
O=c1c(-c2ccccc2)coc2cc(OC3CCCCC3)ccc12,1
O=c1c(-c2ccccc2)coc2cc(OC3CCCCO3)c(OC3CCCCO3)cc12,2
O=c1c(-c2ccccc2)coc2cc(OC3CCCCO3)cc(OC3CCCCO3)c12,1
O=c1c(-c2ccccc2)coc2cc(OC3CCCCO3)ccc12,19
O=c1c(-c2ccccc2)coc2cc(OC3CCCO3)ccc12,1
O=c1c(-c2ccccc2)coc2cc(OC3CCCOC3)ccc12,1
O=c1c(-c2ccccc2)coc2cc(OC3OCCCC3OC3CCCCO3)ccc12,1
O=c1c(-c2ccccc2)coc2cc(OC3OCCCC3OC3CCCO3)ccc12,1
O=c1c(-c2ccccc2)coc2cc(OCC3COC(OCC4CCCCO4)C3)ccc12,1
O=c1c(-c2ccccc2)coc2cc(Oc3ccc4c(=O)c(-c5ccc6c(c5)OCO6)coc4c3)ccc12,1
O=c1c(-c2ccccc2)coc2cc(Oc3ccc4c(=O)c(-c5ccccc5)coc4c3)ccc12,1
O=c1c(-c2ccccc2)coc2cc3c(cc12)C=CCO3,5
O=c1c(-c2ccccc2)coc2cc3c(cc12)CCCO3,1
O=c1c(-c2ccccc2)coc2cc3c(cc12)CCO3,2
O=c1c(-c2ccccc2)coc2cc3c(cc12)OCC=C3,1
O=c1c(-c2ccccc2)coc2cc3c(cc12)OCO3,6
O=c1c(-c2ccccc2)coc2cc3c(cc12)OCOc1cc2occ(-c4ccccc4)c(=O)c2cc1OCO3,1
O=c1c(-c2ccccc2)coc2cc3occc3cc12,2
O=c1c(-c2ccccc2)coc2ccc(C3CCCCO3)cc12,2
O=c1c(-c2ccccc2)coc2ccc(C3OCCCC3OC3CCCCO3)cc12,1
O=c1c(-c2ccccc2)coc2ccc(CC3CO3)cc12,1
O=c1c(-c2ccccc2)coc2ccc(OC3CCCCO3)cc12,2
O=c1c(-c2ccccc2)coc2ccc3c(c12)OCC3,1
O=c1c(-c2ccccc2)coc2ccc3c(c12)OCC=C3,1
O=c1c(-c2ccccc2)coc2ccc3c(c12)OCCC3,1
O=c1c(-c2ccccc2)coc2cccc(OC3CCC(OC4CCCCO4)CO3)c12,1
O=c1c(-c2ccccc2)coc2cccc(OC3CCCCO3)c12,2
O=c1c(-c2ccccc2)coc2ccccc12,45
O=c1c(-c2ccccc2OC2CCCCO2)coc2cc3c(cc12)OCO3,1
O=c1c(-c2ccccc2OC2CCCCO2)coc2ccccc12,1
O=c1c(C2=CCCCC2)coc2c3c(ccc12)OCC=C3,1
O=c1c2c(oc3c1ccc1occc13)COc1ccccc1-2,1
O=c1c2c(oc3c4c(ccc13)OCC4)COc1ccccc1-2,2
O=c1c2c(oc3c4c(ccc13)OCC4)COc1ccccc1O2,1
O=c1c2c(oc3c4c(ccc13)OCC=C4)COc1cc3c(cc1-2)OCO3,1
O=c1c2c(oc3c4c(ccc13)OCC=C4)COc1ccccc1-2,2
O=c1c2c(oc3c4c(ccc13)OCC=C4)COc1ccccc1O2,2
O=c1c2c(oc3c4c(ccc13)OCCC4)COc1ccccc1-2,1
O=c1c2c(oc3cc4c(cc13)C=CCO4)COc1ccccc1-2,1
O=c1c2c(oc3cc4c(cc13)OCO4)COc1ccccc1-2,1
O=c1c2c(oc3ccccc13)COc1ccccc1-2,2
O=c1c2cc3c(cc2oc2oc4ccccc4c12)OCC3,1
O=c1c2ccccc2oc2c3c(ccc12)OC(c1ccccc1)CO3,1
O=c1cc(-c2cc(=O)oc3ccccc23)c2ccccc2o1,2
O=c1cc(-c2ccc(OCCc3ccccc3)cc2)oc2ccccc12,1
O=c1cc(-c2ccc3c(c2)OC(c2ccccc2)CO3)oc2ccccc12,3
O=c1cc(-c2ccc3c(c2)OCO3)c2ccccc2o1,1
O=c1cc(-c2ccccc2)c2ccccc2o1,6
O=c1cc(-c2ccccc2)oc2c3c(ccc12)OC(c1ccccc1)CO3,1
O=c1cc(C2CCCCC2)oc2ccccc12,1
O=c1cc(C2CCc3ccccc3O2)cc2ccccc2c1,1
O=c1cc2oc(-c3ccccc3)c(OC3CCCCO3)cc-2c(OC2CCCCO2)c1,2
O=c1cc2oc(-c3ccccc3)ccc-2c(OC2CCCCO2)c1,1
O=c1ccc(C2CCc3ccccc3O2)cc2c(C3CCc4ccccc4O3)cccc12,3
O=c1ccc2c(c1)oc1cc3c(c4occc2c14)CCC(c1ccccc1)O3,1
O=c1ccc2c3c(ccc2o1)CCC(c1ccccc1)O3,3
O=c1ccc2cc(OC3CCCC(COC4CCCCC4)O3)c(-c3ccccc3)oc-2c1,1
O=c1ccc2cc(OC3CCCCO3)c(-c3ccccc3)oc-2c1,16
O=c1ccc2ccc(-c3ccccc3)cc2o1,1
O=c1ccc2ccc3oc4c5ccc(OC6CCCCO6)cc5oc(=O)c4c3c2o1,1
O=c1cccc2n1CC1CC2CN(Cc2ccc3c(c2)C2Oc4cc5c(cc4C2CO3)OCO5)C1,1
O=c1cccc2n1CC1CC2CN(Cc2cccc3c2OCC2c4cc5c(cc4OC32)OCO5)C1,1
O=c1cccc2oc(-c3ccccc3)c(OC3CCCCO3)cc1-2,7
O=c1ccoc2cc3c(cc12)OCC(c1ccccc1)O3,1
O=c1ccoc2ccc3c(c12)OC(c1ccccc1)CC3,1
O=c1oc2c3c(ccc2c2oc4ccccc4c12)OCC=C3,1
O=c1oc2cc(OC3CCCCO3)ccc2c2oc3ccccc3c12,1
O=c1oc2cc3c(cc2c2oc4cc5c(cc4c12)OCO5)CCO3,1
O=c1oc2cc3c(cc2c2oc4cc5c(cc4c12)OCO5)OCC=C3,1
O=c1oc2cc3c(cc2c2oc4cc5c(cc4c12)OCO5)OCCC3,1
O=c1oc2cc3c(cc2c2oc4ccccc4c12)C=CCO3,1
O=c1oc2cc3c(cc2c2oc4ccccc4c12)CCCO3,1
O=c1oc2ccc(C3CCc4ccccc4O3)cc2c2ccccc12,1
O=c1oc2ccc(CC3CO3)cc2c2oc3ccccc3c12,1
O=c1oc2ccc3c(c2c2oc4ccccc4c12)OCCC3,1
O=c1oc2cccc(OC3CCCCO3)c2c2oc3ccccc3c12,1
O=c1oc2ccccc2c2c(=O)c3ccc4c(c3oc12)CCO4,1
O=c1oc2ccccc2c2c(=O)c3ccccc3oc12,1
O=c1oc2ccccc2c2oc3c4c(ccc3c12)OCCC4,1
O=c1oc2ccccc2c2oc3cc4c(cc3c12)C=CCO4,1
O=c1oc2ccccc2c2oc3cc4c(cc3c12)CCCO4,1
O=c1oc2ccccc2c2oc3cc4c(cc3c12)CCO4,1
O=c1oc2ccccc2c2oc3cc4c(cc3c12)OCO4,1
O=c1oc2ccccc2c2oc3ccccc3c12,9
O=c1oc2ccccc2cc1-c1ccccc1,2
[CH]1C=CC=C2OC(c3ccccc3)=C(OC3CCCCO3)C=C12,1
c1c2c(cc3c1OC1c4c(ccc5c4CCCO5)OCC31)OCO2,1
c1c2c(cc3c1OC1c4cc5c(cc4OCC31)OCC5)OCO2,1
c1c2c(cc3c1OC1c4cc5c(cc4OCC31)OCCC5)OCO2,1
c1c2c(cc3c1OC1c4ccc5c(c4OCC31)CCCO5)OCO2,1
c1c2c(cc3c1OC1c4ccc5c(c4OCC31)OCO5)OCO2,1
c1cc(C2COc3ccccc3C2)cc(C2c3ccccc3OC3COc4ccccc4C32)c1,1
c1cc(OC2CCCCO2)cc(-c2cc3cc(CC4CO4)ccc3o2)c1,1
c1cc(OC2CCCCO2)cc(-c2cc3cc4c(cc3o2)OCCC4)c1,1
c1cc(OC2CCCCO2)cc(-c2cc3ccc(OC4CCCCO4)cc3o2)c1,1
c1cc(OC2CCCCO2)cc(-c2cc3ccccc3o2)c1,2
c1cc(OC2CCCCO2)cc(C2CCc3ccccc3O2)c1,3
c1cc2c(c(-c3cc4ccccc4o3)c1)C1CC3CCC(O2)C31,1
c1cc2c(c(-c3cc4ccccc4o3)c1)CCCO2,1
c1cc2c(c(-c3cc4ccccc4o3)c1)CCO2,1
c1cc2c(c3c1CC1c4cc5c(cc4OCC1O3)OCO5)OCO2,1
c1cc2c(c3c1CCCO3)C1Oc3cc4c(cc3C1CO2)OCO4,1
c1cc2c(cc1OC1CCCCO1)OC(c1ccc3c(c1)OCO3)CC2,1
c1cc2c(cc1OC1CCCCO1)OCC1c3cc4c(cc3OC21)OCO4,1
c1cc2c(cc1OC1CCCCO1)OCC1c3ccc4c(c3OC21)OCO4,1
c1cc2c3c(ccc2o1)CCC(c1ccc2c(c1)OCO2)O3,1
c1cc2cc3c(cc2o1)OC(c1ccc2c(c1)OCO2)CC3,1
c1cc2cc3c(cc2o1)OCC1c2cc4c(cc2OC31)OCO4,1
c1ccc(-c2c(Cc3ccc4c(c3)C3COc5ccccc5C3O4)oc3ccccc23)cc1,1
c1ccc(-c2c(Cc3ccc4c(c3)C3Oc5ccccc5C3CO4)oc3ccccc23)cc1,1
c1ccc(-c2c(Cc3cccc4c3OCC3c5ccccc5OC43)oc3ccccc23)cc1,1
c1ccc(-c2cc3cc4c(cc3o2)OCC4)cc1,1
c1ccc(-c2cc3cc4c(cc3o2)OCCC4)cc1,2
c1ccc(-c2cc3cc4c(cc3o2)OCO4)cc1,3
c1ccc(-c2cc3cc4ccoc4cc3o2)cc1,1
c1ccc(-c2cc3ccc(OC4CCCCO4)cc3o2)cc1,1
c1ccc(-c2cc3ccccc3o2)cc1,12
c1ccc(-c2ccc3cccc4c3c2CCC4)cc1,1
c1ccc(-c2coc3ccccc23)cc1,1
c1ccc(-c2oc3ccccc3c2Cc2ccc3c(c2)-c2oc4ccccc4c2CO3)cc1,1
c1ccc(-c2oc3ccccc3c2Cc2ccc3c(c2)C2COc4ccccc4C2O3)cc1,1
c1ccc(-c2oc3ccccc3c2Cc2ccc3oc4c(c3c2)COc2ccccc2-4)cc1,1
c1ccc(-c2occ3c4c(ccc23)OCO4)cc1,1
c1ccc(-c2occ3ccccc23)cc1,1
c1ccc(C23OCC(c4ccccc4O2)C3OC2CCCCO2)cc1,1
c1ccc(C23Oc4ccccc4-c4cccc(c42)-c2ccc(-c4cc5ccccc5o4)cc2O3)cc1,1
c1ccc(C2=C(OC3CCCCO3)Cc3ccccc3O2)cc1,3
c1ccc(C2=C(c3cccc(C4COc5ccccc5C4)c3)Cc3ccccc3O2)cc1,1
c1ccc(C2=NCC(c3ccccc3)O2)cc1,1
c1ccc(C2CC(OC3CC(c4ccccc4)Oc4c3ccc3c4CCO3)c3ccc4c(c3O2)CCO4)cc1,1
c1ccc(C2CC(OC3CC(c4ccccc4)Oc4ccccc43)c3ccccc3O2)cc1,2
c1ccc(C2CC(OC3CCCC(COC4CCCCO4)O3)c3ccccc3O2)cc1,1
c1ccc(C2CC(c3c(OC4CCCCO4)ccc4c3OC(c3ccccc3)CC4)c3ccccc3O2)cc1,1
c1ccc(C2CC(c3cc4c(c(C5CC(c6ccccc6)Oc6ccccc65)c3)OC(c3ccccc3)CC4)c3ccccc3O2)cc1,1
c1ccc(C2CC(c3cc4c(c5c3OC(c3ccccc3)CC5)OC(c3ccccc3)CC4c3ccccc3)c3ccccc3O2)cc1,1
c1ccc(C2CC(c3cc4c(c5c3OC3(c6ccccc6)CC5c5ccccc5O3)OC(c3ccccc3)CC4c3cccc4c3OC(c3ccccc3)CC4)c3ccccc3O2)cc1,3
c1ccc(C2CC(c3ccc4c(c3)C(c3cc(C5CC(c6ccccc6)Oc6ccccc65)cc5c3OC(c3ccccc3)CC5)CC(c3ccccc3)O4)c3ccccc3O2)cc1,1
c1ccc(C2CC(c3ccc4c(c3)C(c3cccc5c3OC(c3ccccc3)CC5)CC(c3ccccc3)O4)c3ccccc3O2)cc1,5
c1ccc(C2CC(c3ccc4c(c3)C(c3cccc5c3OC(c3ccccc3)CC5c3cccc5c3OC(c3ccccc3)CC5)CC(c3ccccc3)O4)c3ccccc3O2)cc1,1
c1ccc(C2CC(c3ccc4c(c3)C3CC(c5ccccc5)(O4)Oc4ccc5c(c43)OC(c3ccccc3)CC5)c3ccccc3O2)cc1,1
c1ccc(C2CC(c3ccc4c(c3)C3CC(c5ccccc5)(O4)Oc4ccc5c(c43)OC(c3ccccc3)CC5c3cccc4c3OC(c3ccccc3)CC4)c3ccccc3O2)cc1,3
c1ccc(C2CC(c3cccc4c3CCC(c3ccccc3)O4)c3ccccc3O2)cc1,1
c1ccc(C2CC(c3cccc4c3OC(c3ccccc3)C(OC3CCCCO3)C4)c3ccccc3O2)cc1,3
c1ccc(C2CC(c3cccc4c3OC(c3ccccc3)CC4)c3cc4c(cc3O2)OC2(c3ccccc3)CC4c3ccccc3O2)cc1,1
c1ccc(C2CC(c3cccc4c3OC(c3ccccc3)CC4)c3ccccc3O2)cc1,75
c1ccc(C2CC(c3cccc4c3OC(c3ccccc3)CC4c3cc4c(c5c3OC3(c6ccccc6)CC5c5ccccc5O3)OC(c3ccccc3)CC4c3cccc4c3OC(c3ccccc3)CC4)c3ccccc3O2)cc1,1
c1ccc(C2CC(c3cccc4c3OC(c3ccccc3)CC4c3cccc4c3OC(c3ccccc3)CC4)c3ccccc3O2)cc1,38
c1ccc(C2CC(c3cccc4c3OC(c3ccccc3)CC4c3cccc4c3OC(c3ccccc3)CC4c3cc4c(c5c3OC3(c6ccccc6)CC5c5ccccc5O3)OC(c3ccccc3)CC4c3cccc4c3OC(c3ccccc3)CC4)c3ccccc3O2)cc1,1
c1ccc(C2CC(c3cccc4c3OC(c3ccccc3)CC4c3cccc4c3OC(c3ccccc3)CC4c3cccc4c3OC(c3ccccc3)CC4)c3ccccc3O2)cc1,9
c1ccc(C2CC(c3cccc4c3OC(c3ccccc3)CC4c3cccc4c3OC(c3ccccc3)CC4c3cccc4c3OC(c3ccccc3)CC4c3cccc4c3OC(c3ccccc3)CC4)c3ccccc3O2)cc1,3
c1ccc(C2CC(c3cccc4c3OC(c3ccccc3)CC4c3cccc4c3OC3(c5ccccc5)CC4c4c(ccc5c4OC(c4ccccc4)CC5c4cccc5c4OC(c4ccccc4)CC5)O3)c3ccccc3O2)cc1,3
c1ccc(C2CC(c3cccc4c3OC3(c5ccccc5)CC4c4c(ccc5c4OC(c4ccccc4)CC5)O3)c3ccccc3O2)cc1,2
c1ccc(C2CC(c3cccc4c3OC3(c5ccccc5)CC4c4c(ccc5c4OC(c4ccccc4)CC5c4cccc5c4OC(c4ccccc4)CC5)O3)c3ccccc3O2)cc1,6
c1ccc(C2CC(c3ccccc3)c3ccc4c(c3O2)C2CC(c3ccccc3)(Oc3ccccc32)O4)cc1,1
c1ccc(C2CC(c3ccccc3)c3ccccc3O2)cc1,5
c1ccc(C2CC3CC(c4ccccc4)Oc4cccc(c43)O2)cc1,1
c1ccc(C2CC3OC4CCCOC4Oc4c5c(cc(c43)O2)OC2OCCCC2OC5)cc1,1
c1ccc(C2CC3OC4CCCOC4Oc4cc(OC5CCCCO5)cc(c43)O2)cc1,1
c1ccc(C2CC3OC4CCCOC4Oc4cccc(c43)O2)cc1,1
c1ccc(C2CCC3c4ccccc4OC23c2cccc(OC3CCCCO3)c2)cc1,1
c1ccc(C2CCOc3ccccc32)cc1,1
c1ccc(C2CCc3c(OC4CCCCO4)cc(OC4CCCCO4)cc3O2)cc1,1
c1ccc(C2CCc3c(OC4CCCCO4)cccc3O2)cc1,13
c1ccc(C2CCc3c(OC4CCCO4)cccc3O2)cc1,1
c1ccc(C2CCc3c(cc4c(c3OC3CCCCO3)COC3CCCOC3O4)O2)cc1,1
c1ccc(C2CCc3c(ccc4c3CCc3ccccc3-4)O2)cc1,1
c1ccc(C2CCc3c(ccc4c3OC(c3ccccc3)C4c3ccccc3)O2)cc1,1
c1ccc(C2CCc3c(ccc4c3OC3(c5ccccc5)CC4c4ccccc4O3)O2)cc1,1
c1ccc(C2CCc3c(cccc3-c3cc4c(c(-c5cccc6c5CCC(c5ccccc5)O6)c3)OC(c3ccccc3)CC4)O2)cc1,1
c1ccc(C2CCc3c(cccc3-c3cccc4c3CCC(c3ccccc3)O4)O2)cc1,1
c1ccc(C2CCc3cc(-c4ccc5c(c4)CCC(c4ccccc4)O5)ccc3O2)cc1,1
c1ccc(C2CCc3cc(C4CC(c5ccccc5)Oc5c4cccc5C4CC(c5ccccc5)Oc5c(C6CC(c7ccccc7)Oc7ccccc76)cccc54)ccc3O2)cc1,1
c1ccc(C2CCc3cc(C4CC(c5ccccc5)Oc5c4cccc5C4CC(c5ccccc5)Oc5c4ccc4c5C5CC(c6ccccc6)(Oc6ccccc65)O4)ccc3O2)cc1,1
c1ccc(C2CCc3cc(C4CC(c5ccccc5)Oc5c4cccc5C4CC(c5ccccc5)Oc5ccc(C6CC(c7ccccc7)Oc7ccccc76)cc54)ccc3O2)cc1,1
c1ccc(C2CCc3cc(C4CC(c5ccccc5)Oc5c4cccc5C4CC(c5ccccc5)Oc5ccccc54)ccc3O2)cc1,5
c1ccc(C2CCc3cc(C4CC(c5ccccc5)Oc5ccc(C6CC(c7ccccc7)Oc7ccccc76)cc54)ccc3O2)cc1,4
c1ccc(C2CCc3cc(C4CC(c5ccccc5)Oc5ccccc54)ccc3O2)cc1,33
c1ccc(C2CCc3cc(C4CCCCO4)ccc3O2)cc1,1
c1ccc(C2CCc3cc(C4NCCC5CCCC54)cc(C4NCCC5CCCC54)c3O2)cc1,1
c1ccc(C2CCc3cc(C4c5ccccc5OC5c6ccccc6COC54)ccc3O2)cc1,1
c1ccc(C2CCc3cc(Cc4cccc5c4OC(c4ccccc4)CC5)ccc3O2)cc1,2
c1ccc(C2CCc3cc4c(cc3O2)OC(c2ccccc2)C4c2ccccc2)cc1,1
c1ccc(C2CCc3cc4c(cc3O2)OC2(c3ccccc3)CC4c3ccccc3O2)cc1,3
c1ccc(C2CCc3cc4c(cc3O2)OC2CC(c3ccccc3)Oc3cccc-4c32)cc1,1
c1ccc(C2CCc3cc4c(cc3O2)OCO4)cc1,1
c1ccc(C2CCc3cc4ccoc4cc3O2)cc1,1
c1ccc(C2CCc3ccc(OC4CCCCO4)cc3O2)c(OC2CCCCO2)c1,1
c1ccc(C2CCc3ccc(OC4CCCCO4)cc3O2)cc1,17
c1ccc(C2CCc3ccc(OC4CCCO4)cc3O2)cc1,1
c1ccc(C2CCc3ccc(Oc4ccc(C5CCc6ccccc6O5)cc4)cc3O2)cc1,1
c1ccc(C2CCc3ccc4c(c3O2)C(c2ccccc2)C(c2ccccc2)O4)cc1,1
c1ccc(C2CCc3ccc4c(c3O2)C2CC(c3ccccc3)(O4)Oc3c(C4CC(c5ccccc5)Oc5c4ccc4c5C5CC(c6ccccc6)(Oc6ccccc65)O4)cccc32)cc1,1
c1ccc(C2CCc3ccc4c(c3O2)C2CC(c3ccccc3)(O4)Oc3c2ccc2c3C3CC(c4ccccc4)(Oc4ccccc43)O2)cc1,3
c1ccc(C2CCc3ccc4c(c3O2)C2CC(c3ccccc3)(Oc3cc5c(cc32)C2CC(c3ccccc3)(Oc3ccccc32)O5)O4)cc1,1
c1ccc(C2CCc3ccc4c(c3O2)C2CC(c3ccccc3)(Oc3ccccc32)O4)cc1,17
c1ccc(C2CCc3ccc4c(c3O2)CCCO4)cc1,3
c1ccc(C2CCc3ccc4c(c3O2)CCO4)cc1,2
c1ccc(C2CCc3ccc4c(c3O2)Cc2ccccc2O4)cc1,2
c1ccc(C2CCc3ccc4occc4c3O2)cc1,2
c1ccc(C2CCc3cccc(C4CC(c5ccccc5)Cc5c(C6CC(c7ccccc7)Oc7ccccc76)cccc54)c3C2)cc1,1
c1ccc(C2CCc3cccc(C4CC(c5ccccc5)Oc5c4ccc4c5C5CC(c6ccccc6)(Oc6ccccc65)O4)c3O2)cc1,12
c1ccc(C2CCc3cccc(C4CC(c5ccccc5)Oc5c4cccc5C4CC(c5ccccc5)Oc5c4ccc4c5C5CC(c6ccccc6)(Oc6ccccc65)O4)c3O2)cc1,3
c1ccc(C2CCc3cccc(C4CC(c5ccccc5)Oc5c6c(c7c(c54)OC4(c5ccccc5)CC7c5ccccc5O4)OC4(c5ccccc5)CC6c5ccccc5O4)c3O2)cc1,1
c1ccc(C2CCc3cccc(C4c5ccccc5OC(c5ccccc5)C4OC4CCCCO4)c3O2)cc1,3
c1ccc(C2CCc3cccc(C4c5ccccc5OC5(c6ccccc6)OC45)c3O2)cc1,1
c1ccc(C2CCc3cccc(Cc4cccc5c4OC(c4ccccc4)CC5)c3O2)cc1,2
c1ccc(C2CCc3cccc(OC4CCCCO4)c3O2)cc1,1
c1ccc(C2CCc3cccc(SC4CCCCO4)c3O2)cc1,1
c1ccc(C2CCc3ccccc3O2)cc1,128
c1ccc(C2COc3c(ccc4c3CCO4)C2)cc1,1
c1ccc(C2COc3cc(C4COc5ccccc5O4)ccc3O2)cc1,2
c1ccc(C2COc3cc(OC4CCCCO4)ccc3C2)c(OC2CCCCO2)c1,1
c1ccc(C2COc3cc(OC4CCCCO4)ccc3C2)cc1,1
c1ccc(C2COc3cc4c(cc3C2)-c2ccccc2CC4)cc1,1
c1ccc(C2COc3cc4c(cc3C2)CCCO4)cc1,1
c1ccc(C2COc3cc4c(cc3C2)CCO4)cc1,1
c1ccc(C2COc3cc4c(cc3C2)OCO4)cc1,2
c1ccc(C2COc3ccc(C4COc5ccccc5O4)cc3O2)cc1,1
c1ccc(C2COc3ccc4c(c3C2)CCc2ccccc2-4)cc1,1
c1ccc(C2COc3ccccc3C2)cc1,5
c1ccc(C2COc3ccccc3C2c2cccc(C3COc4ccccc4C3)c2)cc1,1
c1ccc(C2COc3ccccc3C2c2ccccc2)cc1,1
c1ccc(C2Cc3c(C4CC(c5ccccc5)Oc5ccccc54)cccc3C(c3cccc4c3OC(c3ccccc3)CC4c3cccc4c3OC(c3ccccc3)CC4c3cccc4c3OC(c3ccccc3)CC4)C2)cc1,1
c1ccc(C2Cc3c(ccc4c3CCc3ccccc3-4)O2)cc1,1
c1ccc(C2Cc3cc4c(cc3O2)CCc2ccccc2-4)cc1,1
c1ccc(C2Cc3ccccc3O2)cc1,2
c1ccc(C2Oc3c(cccc3-c3ccccc3C3Oc4ccccc4CC3OC3CCCCO3)CC2OC2CCCCO2)cc1,1
c1ccc(C2Oc3ccc4c(c3C2c2ccccc2)CCc2ccccc2-4)cc1,1
c1ccc(C2Oc3ccccc3C3OC4CCCOC4OC23)cc1,1
c1ccc(C2Oc3ccccc3CC2OC2(c3ccccc3)CCc3ccccc3O2)cc1,21
c1ccc(C2Oc3ccccc3CC2OC2CCC(OC3CCCCO3)CO2)cc1,1
c1ccc(C2Oc3ccccc3CC2OC2CCCCO2)cc1,14
c1ccc(CC23COc4ccccc4C2OCO3)cc1,1
c1ccc(CC2COc3ccccc3C2)cc1,2
c1ccc(CC2OC2c2ccc(OC3CCCCO3)cc2)cc1,1
c1ccc(CC2OC2c2ccc(OC3CCCOC3)cc2)cc1,1
c1ccc(CC2OC2c2ccccc2)cc1,1
c1ccc(CC2Oc3cc4c(cc3C2c2ccccc2)CCC(c2ccccc2)O4)cc1,1
c1ccc(CC2Oc3ccc4c(c3C2c2ccccc2)OC(c2ccccc2)CC4)cc1,1
c1ccc(CCC(c2ccccc2)c2ccc3c(c2)CC(c2ccccc2)CO3)cc1,1
c1ccc(CCC(c2ccccc2)c2ccc3c(c2)CCC(c2ccccc2)O3)cc1,1
c1ccc(CCC(c2ccccc2)c2cccc(CCC(c3ccccc3)c3ccc4c(c3)CCC(c3ccccc3)O4)c2)cc1,1
c1ccc(CCC(c2ccccc2)c2cccc3c2OC(c2ccccc2)CC3)cc1,2
c1ccc(CCCc2ccc(OC3CCCCO3)cc2)cc1,1
c1ccc(CCCc2ccc(OC3CCCOC3)cc2)cc1,1
c1ccc(CCc2cccc3c2CCC(c2ccccc2)O3)cc1,1
c1ccc(COCc2ccccc2)cc1,1
c1ccc(CSC2CC(c3ccccc3)Oc3c2cccc3C2CC(c3ccccc3)Oc3ccccc32)cc1,1
c1ccc(CSC2CC(c3ccccc3)Oc3ccc(C4CC(c5ccccc5)Oc5ccccc54)cc32)cc1,1
c1ccc(CSC2CC(c3ccccc3)Oc3ccccc32)cc1,1
c1ccc(Cc2ccc3c(c2)CCC(c2ccccc2)O3)cc1,1
c1ccc(Cc2cccc3c2OC(c2ccccc2)CC3)cc1,2
c1ccc(Oc2ccccc2)cc1,1
c1ccc2c(c1)CC(C1COc3ccccc3C1)CO2,1
c1ccc2c(c1)CC(c1ccc(Oc3ccc(C4COc5ccccc5C4)cc3)cc1)CO2,1
c1ccc2c(c1)CC(c1ccc3c(c1)CCO3)CO2,1
c1ccc2c(c1)CC(c1ccc3c(c1)OCO3)CO2,2
c1ccc2c(c1)CC1(COCO1)COc1ccccc1-2,1
c1ccc2c(c1)CC1OCc3c(ccc4c3OCO4)C1O2,1
c1ccc2c(c1)CC1OCc3ccccc3C1O2,3
c1ccc2c(c1)CC1Oc3ccccc3C1O2,1
c1ccc2c(c1)CC1c3cc4c(cc3OCC1O2)OCO4,1
c1ccc2c(c1)CCC(c1ccc(OC3CCCCO3)cc1)O2,3
c1ccc2c(c1)CCC(c1ccc3c(c1)OCO3)O2,4
c1ccc2c(c1)CCC(c1ccccc1-c1ccccc1C1CCc3ccccc3O1)O2,1
c1ccc2c(c1)CCC(c1ccccc1OC1CCCCO1)O2,1
c1ccc2c(c1)CCC1c3ccccc3OC21,1
c1ccc2c(c1)CCc1ccc3c(c1O2)OCO3,1
c1ccc2c(c1)CCc1ccccc1O2,1
c1ccc2c(c1)COC1Cc3ccc(OC4CCCCO4)cc3OC21,1
c1ccc2c(c1)COc1cc3c(cc1-2)C1COc2ccccc2C1O3,1
c1ccc2c(c1)OC1CC2Oc2ccccc21,1
c1ccc2c(c1)OC1Oc3cc(-c4cc5ccccc5o4)ccc3-c3cccc-2c31,2
c1ccc2c(c1)OC1c3c(ccc4c3OCCC4)OCC21,1
c1ccc2c(c1)OC1c3cc4c(cc3OCC21)OCC4,1
c1ccc2c(c1)OC1c3cc4c(cc3OCC21)OCCC4,1
c1ccc2c(c1)OC1c3cc4ccoc4cc3OCC21,1
c1ccc2c(c1)OC1c3ccc(OC4CCCCO4)c(OC4CCCCO4)c3OCC21,1
c1ccc2c(c1)OC1c3ccc(OC4CCCCO4)cc3OCC21,1
c1ccc2c(c1)OC1c3ccc4c(c3OCC21)CCO4,1
c1ccc2c(c1)OC1c3ccc4occc4c3OCC21,1
c1ccc2c(c1)OC1c3cccc(OC4CCCCO4)c3OCC21,1
c1ccc2c(c1)OC1c3ccccc3OCC21,3
c1ccc2c(c1)OCC1Oc3c(ccc4c3CCO4)CC21,1
c1ccc2c(c1)OCC1Oc3c(ccc4occc34)CC21,3
c1ccc2c(c1)OCC1c3cc4c(cc3OC21)COC4,1
c1ccc2c(c1)OCC1c3cc4c(cc3OC21)OCO4,4
c1ccc2c(c1)OCC1c3cc4ccoc4cc3OC21,1
c1ccc2c(c1)OCC1c3ccc(OC4CCCCO4)cc3OC21,1
c1ccc2c(c1)OCC1c3ccc4c(c3OC21)CCCO4,1
c1ccc2c(c1)OCC1c3ccc4c(c3OC21)CCO4,1
c1ccc2c(c1)OCC1c3ccc4occc4c3OC21,1
c1ccc2c(c1)OCC1c3cccc(CC4CO4)c3OC21,1
c1ccc2c(c1)OCc1c-2oc2c(-c3cccc4c5c(oc34)-c3ccccc3OC5)cccc12,1
c1ccc2c(c1)OCc1c-2oc2cc3c(cc12)OCO3,1
c1ccc2c(c1)OCc1c-2oc2ccccc12,1
c1ccc2oc(-c3c4c(cc5c3CCCO5)OCCC4)cc2c1,1
c1ccc2oc(-c3cc(OC4CCCCO4)cc(OC4CCCCO4)c3)cc2c1,1
c1ccc2oc(-c3cc4c5c(c3)OC3CCC(CO4)C5C3)cc2c1,1
c1ccc2oc(-c3ccc(C4CCCCC4)cc3)cc2c1,1
c1ccc2oc(-c3ccc4c(c3)OCC3CCCCC43)cc2c1,1
c1ccc2oc(-c3ccc4c(c3)OCCC4)cc2c1,1
c1ccc2oc(-c3ccc4c(c3)OCO4)cc2c1,1
c1ccccc1,2
